country,sku,elasticity_raw,se,days,promo_days,elasticity,method
BE,VV-VITA-381,-0.0219592512183348,0.4451044350596528,175,0,-0.5144010415468505,estimated
BE,_default,-3.0,,0,0,-3.0,country-default
DE,BJ-E223-8EKW,-3.041154909675191,1.42572986752254,355,28,-2.1792317106233026,estimated
DE,CP-DQMG-RVN9,-1.5589664237576324,1.4054598927262827,366,38,-1.7495550431519975,estimated
DE,CW-KVIN-V39Y,0.26537856878056026,1.7841822105757912,322,15,-1.3978878756527116,estimated
DE,NX-CVPF-VCEZ,-1.7077033343344383,1.300622080244661,304,0,-1.7893565459092728,estimated
DE,TU-QNYD-JRRX,0.20648130808109033,2.231693183692583,272,42,-1.53976922032488,estimated
DE,VI-ZU99-SZ0B,1.5034618045689534,1.4011315981413435,183,17,-0.8426799416144145,estimated
DE,VV-ALO-06,-3.458932459087144,1.5676149272485083,366,0,-2.238998559178164,estimated
DE,VV-VITA-101,1.6141848675943427,1.8382192678495246,365,35,-1.153153325512067,estimated
DE,VV-VITA-102,-0.7416601351231701,1.7505893173226725,257,26,-1.5984205545679004,estimated
DE,VV-VITA-106,0.771485616099287,1.809692976341946,255,19,-1.305644668753637,estimated
DE,VV-VITA-107,1.91720778128218,1.466056918153516,366,44,-0.7896016254344924,estimated
DE,VV-VITA-109,0.07802728568681354,1.370409651510283,235,29,-1.2468503761160428,estimated
DE,VV-VITA-111,2.0620070948074836,1.3427172761133337,172,12,-0.6071003462366531,estimated
DE,VV-VITA-115,-2.307332460043479,2.057899616200907,256,35,-1.907197576762858,estimated
DE,VV-VITA-116,-4.903950984107139,1.9429192197499776,364,33,-2.380926943706795,estimated
DE,VV-VITA-119,1.2946281653130431,1.598763285384131,352,39,-1.0666238148104918,estimated
DE,VV-VITA-121,0.8997428494729842,1.7266298489963865,255,25,-1.2374331157070932,estimated
DE,VV-VITA-122,0.9952393526634055,1.1431145638174327,270,31,-0.7357105345649998,estimated
DE,VV-VITA-124,2.999086136167745,1.7776196483377247,135,8,-0.8291338215577664,estimated
DE,VV-VITA-127,4.479370916763419,3.6307954849988002,305,24,-1.457444131698741,estimated
DE,VV-VITA-129,3.384119030431991,1.5933426544873825,279,36,-0.5499990345886053,estimated
DE,VV-VITA-136,1.817342434804387,2.644438820310776,339,22,-1.4441974363550376,estimated
DE,VV-VITA-142,2.994435736439259,2.500444636869417,314,24,-1.2666117382726176,estimated
DE,VV-VITA-146,1.4585747543252752,1.7116166066210108,301,18,-1.1064504638635702,estimated
DE,VV-VITA-151,-0.2588162531228688,1.8915707005274562,363,29,-1.5348168679287408,estimated
DE,VV-VITA-153,-0.5057999323404909,1.6411596461403704,236,23,-1.5187488613727094,estimated
DE,VV-VITA-155,-10.194867180886082,2.4248933979645404,358,25,-2.8590514429615514,estimated
DE,VV-VITA-158,1.7543125111675906,1.6368737863620806,336,40,-0.985185419685753,estimated
DE,VV-VITA-159,-0.13655375595179342,1.4234730595906149,351,30,-1.3392386089881345,estimated
DE,VV-VITA-165,3.1620029291442737,1.5694600024510987,144,23,-0.5763706208659503,estimated
DE,VV-VITA-166,1.433294484551717,1.7901231106653133,170,21,-1.1609314133450321,estimated
DE,VV-VITA-168,-4.607561142916897,3.7077648548384117,197,25,-1.9865822996111773,estimated
DE,VV-VITA-170,-0.24382526537043336,1.6193214230497839,366,60,-1.4496121028417923,estimated
DE,VV-VITA-171,-1.2793602595888534,1.2430219479370785,316,15,-1.637736204302347,estimated
DE,VV-VITA-172,0.7585690794462555,1.3982757342717582,273,36,-1.060977800305858,estimated
DE,VV-VITA-173,2.9870170178868647,2.4635465355573314,334,28,-1.2525541025228901,estimated
DE,VV-VITA-174,2.8526288585943815,2.284260894578157,353,18,-1.1896889739340242,estimated
DE,VV-VITA-181,4.800294370964319,2.8107090524329967,248,23,-1.2020151474797738,estimated
DE,VV-VITA-183,8.257184261119415,2.7027943103898653,335,25,-0.8051447316412511,estimated
DE,VV-VITA-186,4.701536235879706,1.9338257459838972,133,21,-0.6482946979928607,estimated
DE,VV-VITA-188,0.037274556116476426,2.761196764748891,327,38,-1.646858000953759,estimated
DE,VV-VITA-189,-6.205258837954634,2.623777987278565,366,40,-2.2977523765228747,estimated
DE,VV-VITA-190,6.560909690233546,2.8821207725193903,349,26,-1.0707866649504711,estimated
DE,VV-VITA-197,2.5507133493580594,0.9551400167468066,342,21,-0.3,estimated
DE,VV-VITA-198,2.0242494331014944,2.477622019227253,293,21,-1.37243439258069,estimated
DE,VV-VITA-199,0.6973993572206131,2.3436637178040445,358,40,-1.4990983367056678,estimated
DE,VV-VITA-202,-0.5664363321853962,1.6454403916171776,360,36,-1.5341530455653678,estimated
DE,VV-VITA-203,-1.9371796374383032,1.0998011103644412,361,29,-1.873001660845274,estimated
DE,VV-VITA-204,1.8880456195731237,2.0758789190581988,363,35,-1.231600556266207,estimated
DE,VV-VITA-206,-1.7070209714180908,1.885871941494605,355,39,-1.8061855686755954,estimated
DE,VV-VITA-207,1.7215184907025873,1.6814010544400595,365,29,-1.026738778790969,estimated
DE,VV-VITA-208,-7.843711368545446,2.1775477077566787,354,9,-2.721015178513923,estimated
DE,VV-VITA-215,-2.613855997342087,2.096834166118387,366,25,-1.9532346066143718,estimated
DE,VV-VITA-216,0.7662357824762841,1.9509770708077285,258,9,-1.3666386330344569,estimated
DE,VV-VITA-222,0.9451972397762256,2.236320622083988,363,38,-1.4361384883000667,estimated
DE,VV-VITA-223,-0.49550781521767795,2.448626975278951,314,24,-1.6678027650189942,estimated
DE,VV-VITA-224,-2.787633155363214,1.6484267896190323,281,31,-2.052520848007088,estimated
DE,VV-VITA-225,-4.739519308692557,2.189253259033463,288,0,-2.25680900741274,estimated
DE,VV-VITA-227,0.3128039016795048,1.984134547727017,341,25,-1.4579094419122143,estimated
DE,VV-VITA-228,1.1398710211053364,1.4319191923689967,290,24,-0.9769647174668676,estimated
DE,VV-VITA-230,1.7147312295585218,1.9000929378304714,302,27,-1.169694145238984,estimated
DE,VV-VITA-231,-7.4631183136733314,1.591004863850287,323,42,-3.214673425735766,estimated
DE,VV-VITA-237,1.1687715106703485,3.441137115684157,340,44,-1.6338278849352466,estimated
DE,VV-VITA-243,-0.8530028498455826,0.7830423332548141,366,35,-1.2690629180385398,estimated
DE,VV-VITA-247,-0.12841156509964918,2.1316318910721197,362,22,-1.5677211451047788,estimated
DE,VV-VITA-248,-3.774190914668029,1.2708680857072863,365,29,-2.487060301298229,estimated
DE,VV-VITA-249,-0.9035906063687544,2.5092433979271846,327,43,-1.7219144958755659,estimated
DE,VV-VITA-250,-1.6028392967598428,2.188716982230276,350,29,-1.7959293170622774,estimated
DE,VV-VITA-252,1.0019206584795062,1.535270613391431,320,14,-1.0948660998781297,estimated
DE,VV-VITA-256,3.930871740997797,2.5886305769845213,352,32,-1.1974515149002545,estimated
DE,VV-VITA-257,4.795983153120084,3.5370950773535146,336,10,-1.4191249450661512,estimated
DE,VV-VITA-258,1.2639575733674389,2.9752783005954195,349,31,-1.565364068273317,estimated
DE,VV-VITA-259,0.7664481994520534,1.4054461161737741,295,31,-1.0641698131022606,estimated
DE,VV-VITA-262,-2.247678726984046,2.5360599630025034,231,8,-1.8768035956825284,estimated
DE,VV-VITA-264,1.5152361030389456,2.7956120459280793,361,43,-1.5097006702456504,estimated
DE,VV-VITA-266,-4.0427906444323805,0.9179450868096577,322,32,-2.924626918664501,estimated
DE,VV-VITA-276,3.667832918248502,1.8283991731649578,365,31,-0.7406331787328532,estimated
DE,VV-VITA-277,-0.41452578408013085,1.5291023738172411,269,11,-1.4600713794173799,estimated
DE,VV-VITA-284,-0.47496855222469964,1.573051580207628,319,26,-1.4904415814457401,estimated
DE,VV-VITA-286,-2.8025681803266034,3.2237905496699675,275,43,-1.9008263415314925,estimated
DE,VV-VITA-287,3.618690961660135,3.0401627778997584,328,29,-1.3825263067829396,estimated
DE,VV-VITA-297,5.945249225736284,2.9080713062636767,328,18,-1.1378146691627604,estimated
DE,VV-VITA-298,1.0278772054426597,2.2786057148174224,194,30,-1.437266878841188,estimated
DE,VV-VITA-301,-1.0365289595631473,1.5360467585781787,287,30,-1.6237526824478805,estimated
DE,VV-VITA-304,2.4781143976234086,2.528660366152936,303,26,-1.3367053157096702,estimated
DE,VV-VITA-308,-3.1307409941884217,2.725777813481146,277,43,-1.9593486092781598,estimated
DE,VV-VITA-31,-2.6692858208548844,1.9654536914020442,360,42,-1.9771129162919439,estimated
DE,VV-VITA-310,-0.2267361480804648,1.6992024284806815,291,29,-1.4729147635258906,estimated
DE,VV-VITA-311,-2.775988515818536,1.5247102830550616,328,34,-2.0772985863004005,estimated
DE,VV-VITA-313,0.2881639897598058,1.5002319955582597,243,32,-1.2610113776940834,estimated
DE,VV-VITA-314,-7.591122902253877,1.4682750124750685,366,40,-3.4246013357962086,estimated
DE,VV-VITA-316,-2.505688459529697,1.8984366420023766,357,23,-1.9552717254702425,estimated
DE,VV-VITA-317,1.3271037691417553,2.237289217377066,339,23,-1.382364085001562,estimated
DE,VV-VITA-318,-1.2490185253532746,2.349047743119678,245,30,-1.753702377169552,estimated
DE,VV-VITA-319,0.8869141387317813,2.693158057708051,230,20,-1.5516636214399737,estimated
DE,VV-VITA-320,-0.34378580698894123,0.8500005493677169,365,43,-1.037082166613016,estimated
DE,VV-VITA-320-V,-2.9676175216960994,1.8986027861703862,194,29,-2.0413262750896495,estimated
DE,VV-VITA-326,-4.437581231885607,1.9830967653296598,364,42,-2.281726798749305,estimated
DE,VV-VITA-329,-1.4180014758875799,1.7855512373280034,320,9,-1.7446312234949024,estimated
DE,VV-VITA-333,2.42252568457562,2.320715692882821,282,30,-1.2641353734896112,estimated
DE,VV-VITA-336,-4.990082138601877,1.4244934118586141,323,24,-2.7432370961348185,estimated
DE,VV-VITA-338,1.3400613386987696,1.3332459769953624,188,28,-0.8241484480313845,estimated
DE,VV-VITA-339,-1.9525076864363002,2.959877849788397,364,22,-1.839820157725149,estimated
DE,VV-VITA-340,2.5933866384100153,1.8184434832271121,237,26,-0.9457090566787107,estimated
DE,VV-VITA-341,1.7627846510663479,1.3608216889541511,243,20,-0.7217003987320324,estimated
DE,VV-VITA-342,2.728729957271844,3.524489639957234,189,8,-1.5451854933210145,estimated
DE,VV-VITA-344,-1.7038026247678486,0.5834231518711733,151,10,-1.7404137773815005,estimated
DE,VV-VITA-345,-1.6101702311595596,1.4193789805121968,233,18,-1.765540177662772,estimated
DE,VV-VITA-346,4.867276218999933,2.1683211412692014,275,23,-0.8290655819468228,estimated
DE,VV-VITA-349,4.201846685210202,2.672252101397803,167,24,-1.2042594999310996,estimated
DE,VV-VITA-351,-0.8262793645749257,2.560460608698211,252,10,-1.717042612309875,estimated
DE,VV-VITA-352,4.454286411397136,1.8748237945343833,227,26,-0.6341788294285003,estimated
DE,VV-VITA-354,2.145965568345544,1.8940688857480936,365,14,-1.0856121728335477,estimated
DE,VV-VITA-355,3.0769767484841863,2.2512846403266344,364,16,-1.142037745494054,estimated
DE,VV-VITA-356,-3.863979351118156,1.2749758252513803,361,47,-2.514493259585744,estimated
DE,VV-VITA-357,-1.4033240037936021,1.115953490862803,171,25,-1.6594367321139862,estimated
DE,VV-VITA-358,-4.052421745870634,4.219243389020982,162,0,-1.927725391494938,estimated
DE,VV-VITA-359,-0.7469437879886092,2.7109456923605655,169,11,-1.7199151442007654,estimated
DE,VV-VITA-360,2.708917199622224,2.105476817539812,137,14,-1.116803912943291,estimated
DE,VV-VITA-361,-1.1694108409049462,2.44572932329759,259,38,-1.749190026674386,estimated
DE,VV-VITA-362,0.11366607132268808,1.8781577668601186,169,15,-1.4607605355316307,estimated
DE,VV-VITA-363,-2.3225251565107605,2.270581806512183,337,44,-1.8972895155963037,estimated
DE,VV-VITA-364,0.9632946751403336,2.484376745475344,338,28,-1.49977983037326,estimated
DE,VV-VITA-365,-2.6517079655833697,1.2970385033250609,247,28,-2.0999452089669712,estimated
DE,VV-VITA-366,-0.03169307906678673,1.630949756968068,246,31,-1.40348773519496,estimated
DE,VV-VITA-367,-1.7591191280370724,1.5808318241563921,161,20,-1.8118004024384717,estimated
DE,VV-VITA-368,-0.38203955484170565,1.8619039265728972,206,22,-1.5508783009369618,estimated
DE,VV-VITA-369,-0.9639877824934262,1.5662073360518511,142,18,-1.6113510120339123,estimated
DE,VV-VITA-370,1.5100338460243805,4.556576427360775,346,39,-1.7015149471120299,estimated
DE,VV-VITA-371,-0.2337865628891837,1.9534726435076626,335,22,-1.5454613096175005,estimated
DE,VV-VITA-372,0.4236272115138142,2.01655505056165,145,23,-1.449053120923051,estimated
DE,VV-VITA-373,0.011949064755141348,3.4695849185465306,155,14,-1.711050379699762,estimated
DE,VV-VITA-376,2.6472613175515165,2.4114289659538106,366,28,-1.272726450771333,estimated
DE,VV-VITA-377,0.23923162171108883,1.1539748750970875,366,33,-1.0376625345581925,estimated
DE,VV-VITA-378,2.0347582862389557,1.4889372848205342,236,12,-0.7808100522415726,estimated
DE,VV-VITA-379,0.2503049965724533,1.274577735970494,352,36,-1.1285564853890133,estimated
DE,VV-VITA-38,-2.081735296097539,1.4453980551799832,223,34,-1.9007243724899765,estimated
DE,VV-VITA-380,1.2644830464520882,2.093995039756851,240,29,-1.3390582508322697,estimated
DE,VV-VITA-381,-2.321972475094262,0.98112792490149,324,19,-2.05669276311736,estimated
DE,VV-VITA-382,-1.1180349845861723,1.7320235168580087,268,26,-1.6757383570049804,estimated
DE,VV-VITA-383,0.31858807407574474,1.746487168846375,191,29,-1.3717437633251213,estimated
DE,VV-VITA-384,1.2471247408063773,2.611446702513564,245,20,-1.4970344821820682,estimated
DE,VV-VITA-385,-8.228575652053125,3.715683796739197,210,14,-2.1902381669582502,estimated
DE,VV-VITA-388,1.3405088036333832,1.662461726948743,358,38,-1.1002073613578855,estimated
DE,VV-VITA-39,0.96890984517995,1.8669106958479493,340,30,-1.293389046189496,estimated
DE,VV-VITA-391,1.436074059490149,1.893478468688504,269,14,-1.2180939465711225,estimated
DE,VV-VITA-392,1.3323677994078738,2.3886550143925978,178,7,-1.4296045491467138,estimated
DE,VV-VITA-394,-0.7568752665283849,2.757931725063017,137,21,-1.7242180639534013,estimated
DE,VV-VITA-395,-2.5843080816069652,2.403680741287289,137,19,-1.9236009404488377,estimated
DE,VV-VITA-396,-1.4363619473746456,3.444432473115206,222,14,-1.8036470975058732,estimated
DE,VV-VITA-403,4.6678921536182045,6.325707298184412,191,20,-1.6978784897505887,estimated
DE,VV-VITA-46,-2.530940327254639,1.4821296330254867,224,22,-2.020876147012213,estimated
DE,VV-VITA-49,3.0700353972845327,3.560431528901241,325,23,-1.5296753966156327,estimated
DE,VV-VITA-50,0.8693244644039805,2.5422440555705896,331,34,-1.5235697505727417,estimated
DE,VV-VITA-57-V,1.065957666763424,2.0611068120325085,235,15,-1.3581569552212656,estimated
DE,VV-VITA-57-V2,0.5738003600414634,1.5009832957100524,129,4,-1.1848337613054776,estimated
DE,VV-VITA-63,-1.2556318222817742,2.2713984384209085,278,27,-1.7500884796546623,estimated
DE,VV-VITA-86,-3.3651208364238596,3.001793611889759,361,0,-1.9581011055596838,estimated
DE,VV-VITA-88,0.5553926400218467,1.7623517048180937,276,25,-1.3284982176460014,estimated
DE,VV-VITA-90,-5.9783994789865575,2.5227635870318506,366,26,-2.3055853688342003,estimated
DE,VV-VITA-93,1.2139090247362803,2.080829507593047,354,42,-1.3419306233524562,estimated
DE,VV-VITA-94,-3.8783347091550473,3.354844150329484,206,19,-1.9692244337468991,estimated
DE,_default,-1.8292022536644528,,0,0,-1.8292022536644528,country-default
ES,2R-49NC-R697,-3.9665474796561773,1.4671089465112446,365,9,-2.4537028285301012,estimated
ES,BJ-E223-8EKW,0.12520300021445602,1.3937516154279168,337,28,-1.7432809873988864,estimated
ES,CP-DQMG-RVN9,-0.7434110653028493,1.596594435920553,200,9,-1.9515105591573623,estimated
ES,CW-KVIN-V39Y,-1.0230086936048723,1.2818304659975972,276,20,-1.9206269033969736,estimated
ES,NX-CVPF-VCEZ,-1.4161100547098182,0.9464758879239877,363,9,-1.9157439705205015,estimated
ES,TU-QNYD-JRRX,-2.120149572773351,1.2162969924361233,366,21,-2.1462341547053483,estimated
ES,VI-ZU99-SZ0B,-3.7364320612895585,1.1847152614513794,365,30,-2.5227706051662246,estimated
ES,VV-ALO-06,1.3488409527043688,3.677055807593407,164,11,-2.0465905468452066,estimated
ES,VV-VITA-02,-2.4796613263897944,1.466050411148153,305,3,-2.207747502679303,estimated
ES,VV-VITA-02-V,0.5402435599775566,2.9522746098743236,128,3,-2.0280121921823793,estimated
ES,VV-VITA-101,-3.710558209317563,1.4836070872484846,364,16,-2.406574936152621,estimated
ES,VV-VITA-102,-2.102222575330501,1.5030623893673896,272,10,-2.1455704823589437,estimated
ES,VV-VITA-104,-5.522600625081957,1.1003429277456818,363,1,-3.0317084446365343,estimated
ES,VV-VITA-105,-0.2617905307842726,1.4358343577993131,337,14,-1.8292919170456299,estimated
ES,VV-VITA-106,-2.477523345155318,1.4224480210565698,237,9,-2.210150368629973,estimated
ES,VV-VITA-107,-2.5907458270151005,0.8217700974746946,366,21,-2.3229728670470116,estimated
ES,VV-VITA-109,-3.42196577611392,1.0099500976184554,277,30,-2.5278421684516745,estimated
ES,VV-VITA-111,-1.4895015703520904,1.4905849085640894,363,25,-2.046731903599677,estimated
ES,VV-VITA-115,-0.5580459575842864,1.4598520261916523,220,13,-1.8875393977413972,estimated
ES,VV-VITA-116,-0.6989986303658396,1.0988879411558155,282,19,-1.773893085419015,estimated
ES,VV-VITA-119,-1.555906856430019,1.2513099545315447,352,25,-2.0257141456406607,estimated
ES,VV-VITA-121,3.9183280993210117,2.4021900770344113,356,21,-1.7356310424028687,estimated
ES,VV-VITA-122,-2.791482726495617,0.9680341986588208,296,27,-2.3533037116873654,estimated
ES,VV-VITA-124,-0.2889568677103356,1.3173159541907118,265,23,-1.7856855372587637,estimated
ES,VV-VITA-127,-0.8315964548794449,0.7207792944575903,339,22,-1.5574920662702185,estimated
ES,VV-VITA-129,-0.1432786189974088,1.1457400450340058,319,34,-1.6605231681148647,estimated
ES,VV-VITA-136,-2.941709623989359,1.6671438684587585,365,15,-2.2586381768535,estimated
ES,VV-VITA-142,-2.1204268119265497,1.594153490807389,323,27,-2.148966194060185,estimated
ES,VV-VITA-143,-3.1527241596612323,1.3573022439386377,185,15,-2.3416399717495016,estimated
ES,VV-VITA-146,-2.342570537895726,1.4594548721941452,219,16,-2.1852731609342757,estimated
ES,VV-VITA-151,-1.7754523002433429,1.2710827054620912,330,28,-2.0747136978892544,estimated
ES,VV-VITA-153,-3.0092709810635285,1.0996293420120347,284,34,-2.376926606846647,estimated
ES,VV-VITA-155,-1.3343947625928902,1.3700801859623961,224,22,-2.001987106565014,estimated
ES,VV-VITA-157,-2.236538325740834,1.1943023175445844,324,13,-2.172821766602114,estimated
ES,VV-VITA-158,-3.7728299988558582,1.3061207575792995,248,19,-2.4777305202843665,estimated
ES,VV-VITA-159,-2.635038226806438,0.9188070211943113,363,30,-2.315357591790594,estimated
ES,VV-VITA-165,-2.2725013998234247,1.3377751715241637,348,33,-2.176621551211278,estimated
ES,VV-VITA-166,-1.9317053781593714,1.3223897615858562,358,18,-2.110199760278502,estimated
ES,VV-VITA-170,-0.5754808525067961,1.2271204341263193,195,16,-1.8052458874594821,estimated
ES,VV-VITA-171,-1.1256739569263494,1.2446740325258163,361,22,-1.9317236239523765,estimated
ES,VV-VITA-172,0.2569084045209553,2.730609892266397,130,4,-2.0232564257027223,estimated
ES,VV-VITA-173,-1.2763562464097575,1.2837955950843563,339,0,-1.9733002564085367,estimated
ES,VV-VITA-174,-0.24132970014985677,1.8016429772651132,265,20,-1.9315428410260707,estimated
ES,VV-VITA-181,-2.8311535063950197,1.3114818991728912,197,11,-2.288417477122214,estimated
ES,VV-VITA-183,-1.1561826154222803,1.220433600468708,258,15,-1.9315940599417567,estimated
ES,VV-VITA-186,-2.7173922319456327,1.345750446100394,237,18,-2.261243680677122,estimated
ES,VV-VITA-188,-3.4393787160324547,1.7703268663070268,212,12,-2.307834757870935,estimated
ES,VV-VITA-190,-3.30832134172686,1.4193357776024194,306,26,-2.355583226790931,estimated
ES,VV-VITA-197,-0.9616573174061901,1.0498096143784035,269,7,-1.821007256614555,estimated
ES,VV-VITA-198,-4.279715165527256,0.9130443078453666,323,13,-2.873568490180997,estimated
ES,VV-VITA-199,-0.7511883815281967,1.4565202495726661,236,11,-1.9188698651263054,estimated
ES,VV-VITA-202,-0.6612242876242572,1.2489725641827678,250,28,-1.8331558104025683,estimated
ES,VV-VITA-203,-0.7245219390141072,1.156817427331584,364,22,-1.8081880608341534,estimated
ES,VV-VITA-204,-2.691177097555874,1.4537195068528053,233,12,-2.2440490196897778,estimated
ES,VV-VITA-206,-3.9778316369432742,1.8799147834736194,310,12,-2.3502878816155186,estimated
ES,VV-VITA-207,2.6276680269310906,1.7007869598329037,354,23,-1.539055110604348,estimated
ES,VV-VITA-208,-1.9124702109005167,1.7476954650015046,283,6,-2.1241798546860253,estimated
ES,VV-VITA-215,-1.4870161950896992,1.2511611903432152,342,4,-2.0109328524938164,estimated
ES,VV-VITA-216,-0.5052066493920017,1.3280027356828146,204,6,-1.8325684408883545,estimated
ES,VV-VITA-222,-6.80588208039572,1.7199466096835903,245,17,-2.7402587204424074,estimated
ES,VV-VITA-223,-2.26685008419895,1.520610266279068,339,15,-2.171378711138773,estimated
ES,VV-VITA-225,-3.9263762311669543,1.5771741306433005,290,15,-2.413333560494972,estimated
ES,VV-VITA-227,1.530846428519643,2.148205163627456,234,16,-1.8418702157204938,estimated
ES,VV-VITA-228,-4.420489095377867,1.2524483122043772,303,21,-2.6385405424594257,estimated
ES,VV-VITA-230,-1.4241528306440738,1.4208736358902276,315,20,-2.0264468566530853,estimated
ES,VV-VITA-231,-4.293718279643063,1.1603019802883152,314,24,-2.6688164015072506,estimated
ES,VV-VITA-237,-2.36703017530124,1.1796626814126958,321,21,-2.2038111432168184,estimated
ES,VV-VITA-243,-4.436307302507151,1.4760116752447416,366,21,-2.527631137962606,estimated
ES,VV-VITA-247,-4.278670336963404,1.2488527298382843,365,29,-2.610267593834788,estimated
ES,VV-VITA-248,-4.427767917362516,0.7055793873379824,366,32,-3.2033350758992536,estimated
ES,VV-VITA-249,-4.575028903823987,1.8262308673564467,283,21,-2.4284283251267835,estimated
ES,VV-VITA-250,-1.4181574287769958,1.3196569656700992,357,21,-2.008979618286041,estimated
ES,VV-VITA-252,-1.120850011295806,1.3896815120936705,204,19,-1.9668213214339567,estimated
ES,VV-VITA-256,-2.651461658519677,1.3014531721293219,328,3,-2.253919285866207,estimated
ES,VV-VITA-257,-0.5353848046832745,1.0492892364835262,251,7,-1.7016987796398662,estimated
ES,VV-VITA-259,-1.844488681722975,1.078285342004766,314,1,-2.0707233434926113,estimated
ES,VV-VITA-262,-3.6118102136879315,1.629499808020027,137,10,-2.355645797090477,estimated
ES,VV-VITA-264,-2.190195879420878,1.2824303397609924,239,19,-2.161265470101469,estimated
ES,VV-VITA-265,-4.052643773136999,1.4673654137411964,358,3,-2.4678566754667806,estimated
ES,VV-VITA-266,-2.807205315985781,0.5298379493676386,324,34,-2.5479158975994447,estimated
ES,VV-VITA-274,-1.8167663597166772,1.263882982865514,357,2,-2.0827111456381813,estimated
ES,VV-VITA-276,-2.915649825019399,0.9421289418614619,366,6,-2.4011310953112135,estimated
ES,VV-VITA-277,-1.5221225578815056,0.9462308345532728,298,15,-1.9498791787433554,estimated
ES,VV-VITA-284,-0.8347493713013187,1.4207300752244312,223,18,-1.9235611490470523,estimated
ES,VV-VITA-286,0.43726551406225733,0.6674520059896674,331,33,-0.886087632135011,estimated
ES,VV-VITA-287,-3.7922435462798507,1.5038878759743408,300,21,-2.413843567744432,estimated
ES,VV-VITA-295,-0.032005149097109074,1.2436379824459576,265,9,-1.6949258164578596,estimated
ES,VV-VITA-297,3.0584554503907975,2.1841389341733772,146,4,-1.7257792461278878,estimated
ES,VV-VITA-298,-3.5686725786764146,1.038399369083899,363,6,-2.554956336419851,estimated
ES,VV-VITA-301,-0.0895886058428024,1.0281307080686273,173,15,-1.560094315507353,estimated
ES,VV-VITA-303,-1.460659807507738,1.4944108455108849,322,18,-2.04256430503026,estimated
ES,VV-VITA-304,-3.406829097241669,1.257035081554422,287,3,-2.4202136830881082,estimated
ES,VV-VITA-307,-1.6656668865841364,1.7259469468579332,361,5,-2.0925977607672896,estimated
ES,VV-VITA-308,-3.297770123969454,2.4412456128562487,179,11,-2.2302025965117007,estimated
ES,VV-VITA-31,0.301805929278251,1.1740119473233321,238,22,-1.5732179465516796,estimated
ES,VV-VITA-310,-1.9901105913020631,1.0605046861630572,284,13,-2.108744064397534,estimated
ES,VV-VITA-311,-1.3937100696918063,1.1341785445115484,300,10,-1.9644251545210807,estimated
ES,VV-VITA-313,-3.210536912464468,1.4278207211054694,309,8,-2.336679781079433,estimated
ES,VV-VITA-314,-2.403398964286392,0.5382435188825107,366,28,-2.302454060818695,estimated
ES,VV-VITA-316,-1.5636282058688102,1.0628294677869112,286,3,-1.991946691915376,estimated
ES,VV-VITA-317,-4.0957891152554655,1.0753567377706117,345,1,-2.6772478330863727,estimated
ES,VV-VITA-318,-1.8198520468375015,1.5657770245813465,235,11,-2.104254202447711,estimated
ES,VV-VITA-319,-3.441341200594391,1.7089806225628306,204,13,-2.317909518736099,estimated
ES,VV-VITA-320,-2.901024004975619,0.6067449444222044,355,149,-2.554939703001444,estimated
ES,VV-VITA-320-V,-0.43754937457283416,1.4677304768075952,146,12,-1.8699951689035013,estimated
ES,VV-VITA-326,-0.9201465700907431,1.4532486404681368,317,17,-1.9463906402454751,estimated
ES,VV-VITA-329,-2.4956259297539907,0.9930860903032815,319,22,-2.2570101063794716,estimated
ES,VV-VITA-331,-1.608523652414182,1.6915472062735197,132,12,-2.0829946310279364,estimated
ES,VV-VITA-333,-1.8584776851185076,1.4877248346677923,246,11,-2.106028729145268,estimated
ES,VV-VITA-338,-1.3781759877876578,1.4284532145503357,230,17,-2.0196088188625647,estimated
ES,VV-VITA-339,-4.3627633188694235,1.4329400536989476,357,23,-2.533864445880126,estimated
ES,VV-VITA-340,-1.6460860566146074,1.1580466098929607,288,16,-2.031207665422445,estimated
ES,VV-VITA-341,-4.205605980268773,1.34383846376778,318,17,-2.54594764410994,estimated
ES,VV-VITA-342,-1.4612780350484624,0.9676654900358319,134,8,-1.9369666686145455,estimated
ES,VV-VITA-344,-6.2091558682234345,1.0132948031460236,209,4,-3.3444114172772474,estimated
ES,VV-VITA-345,-2.4716626948475753,1.2197169478107763,234,17,-2.2246219221437302,estimated
ES,VV-VITA-346,-2.684620942193498,0.9607677717201525,291,4,-2.3215911889173566,estimated
ES,VV-VITA-348,-0.8906227065022447,1.6707360636510928,155,11,-1.9862563981068122,estimated
ES,VV-VITA-349,-0.31131207456285626,1.2648117925515738,210,9,-1.7657691206818018,estimated
ES,VV-VITA-351,-0.9477866650060989,2.0737540824524405,125,6,-2.0448897261564567,estimated
ES,VV-VITA-352,0.08876294712240662,2.3726525809390133,158,13,-1.9957410701982252,estimated
ES,VV-VITA-354,-6.426434530218304,1.6234239500814236,215,23,-2.7491873731492253,estimated
ES,VV-VITA-355,-1.4609357993084342,1.0385805309789173,366,29,-1.9573583649439243,estimated
ES,VV-VITA-356,-2.5145532487630247,0.6022547535056056,365,30,-2.348788794795559,estimated
ES,VV-VITA-359,-1.7799529733109574,1.067371197591065,174,7,-2.0518954850712423,estimated
ES,VV-VITA-361,-1.3047497892647257,0.9311613762293678,311,39,-1.873723207122039,estimated
ES,VV-VITA-362,-0.34341463689964163,1.136463480970262,310,1,-1.704150811759826,estimated
ES,VV-VITA-363,-2.822597856328699,1.0363258225438985,303,16,-2.3439511045902073,estimated
ES,VV-VITA-364,-1.1194355233074753,0.9741966870054907,359,25,-1.8329324967984415,estimated
ES,VV-VITA-365,-3.190340024074537,1.4007691270509257,339,5,-2.3389309275249563,estimated
ES,VV-VITA-366,-2.572708782779128,1.00351764947148,324,7,-2.2784527919838156,estimated
ES,VV-VITA-367,-0.26635603845413214,1.079333623246663,136,15,-1.64773370461515,estimated
ES,VV-VITA-368,-2.149953047629362,1.068867136294711,125,11,-2.1527237004112667,estimated
ES,VV-VITA-370,-7.891624071128766,1.5580137711455395,346,38,-3.011672691096863,estimated
ES,VV-VITA-371,-1.2223366015049888,0.969346902435915,157,14,-1.862857342341004,estimated
ES,VV-VITA-372,-1.769594985853966,1.4646834390571681,228,27,-2.090019129353966,estimated
ES,VV-VITA-373,-3.363532578996876,1.9573417248157439,129,4,-2.2750070648465757,estimated
ES,VV-VITA-374,-2.3773008524935717,1.2365652240424931,254,19,-2.2025335789300557,estimated
ES,VV-VITA-375,-0.27066022795138356,1.1505467981560482,125,12,-1.6946869869935028,estimated
ES,VV-VITA-376,1.008856733662145,1.211679178930664,287,16,-1.4415162721915245,estimated
ES,VV-VITA-377,-1.4140195253508345,1.1581500982101494,186,9,-1.9752115644822625,estimated
ES,VV-VITA-378,-2.6821507787259122,1.5410057889565842,253,17,-2.2342491785548004,estimated
ES,VV-VITA-379,-7.193043944516981,2.240334898452769,231,17,-2.5486469720399647,estimated
ES,VV-VITA-38,-3.367033624348711,1.1711849459798946,245,25,-2.4416566046685295,estimated
ES,VV-VITA-380,-0.2314653994998243,1.3217911740591655,183,7,-1.7763992921041736,estimated
ES,VV-VITA-381,2.6104976373793587,1.339014866365523,321,20,-1.2378121210314317,estimated
ES,VV-VITA-385,0.35938588261534854,1.0562122006032653,209,11,-1.4583972127415905,estimated
ES,VV-VITA-388,-0.6816912652876573,0.9850908173229797,331,15,-1.7041287853959337,estimated
ES,VV-VITA-389,0.8796906409282474,1.1980764751134054,332,21,-1.4585797886441676,estimated
ES,VV-VITA-39,-1.7232860384962878,1.1790495419808413,351,22,-2.052650947793001,estimated
ES,VV-VITA-391,-1.2657568423810708,1.5616319215931922,238,21,-2.021509389581566,estimated
ES,VV-VITA-392,-3.314012469902693,1.9190716666980552,202,3,-2.2742417070091068,estimated
ES,VV-VITA-395,-1.3777199276171839,1.432891059483763,208,21,-2.0202172401940772,estimated
ES,VV-VITA-396,-3.8444948777770986,2.6518779576721796,129,0,-2.2504870739068332,estimated
ES,VV-VITA-397,-1.5347293127113266,1.6224671798649004,131,17,-2.067404763882203,estimated
ES,VV-VITA-403,-6.148585861782069,3.3847116592572246,170,3,-2.2972223220208208,estimated
ES,VV-VITA-46,-2.1177399391769502,1.1059245743825117,243,16,-2.144441898503794,estimated
ES,VV-VITA-49,0.5071766069948089,1.2992855219370765,276,22,-1.6168290184089198,estimated
ES,VV-VITA-50,-2.3700853905540815,1.0522883977579311,208,13,-2.213936831840657,estimated
ES,VV-VITA-57-V,-1.1087863805739793,1.2123906536771718,174,8,-1.9186378056365063,estimated
ES,VV-VITA-57-V2,-3.306976768986867,1.428345945241409,138,4,-2.3532514819719323,estimated
ES,VV-VITA-63,-5.757846846756006,1.58884442716141,312,18,-2.674919100175228,estimated
ES,VV-VITA-86,-3.731298967433004,1.5160466320230146,355,2,-2.4007954874941713,estimated
ES,VV-VITA-88,-2.3371914961974305,2.02704594083123,218,16,-2.171017287188842,estimated
ES,VV-VITA-90,-1.205653722933299,1.540865771506173,328,17,-2.0093105026454783,estimated
ES,VV-VITA-93,-0.5628445542835734,1.0861531646516798,243,19,-1.7311451478646744,estimated
ES,VV-VITA-94,-1.8598485286255362,1.355968750106823,172,16,-2.098392924712201,estimated
ES,_default,-2.1537586174473633,,0,0,-2.1537586174473633,country-default
FR,2R-49NC-R697,-5.4168357637885665,3.2915818455796417,326,19,-3.3587259050463434,estimated
FR,BJ-E223-8EKW,-6.782438682222532,3.2587171351544524,340,21,-3.4562592892843926,estimated
FR,CP-DQMG-RVN9,-1.8673729661144887,2.093354603898764,153,5,-3.003308773277113,estimated
FR,CW-KVIN-V39Y,-0.5073136794195757,1.6153642507836163,177,15,-2.579930457127364,estimated
FR,NX-CVPF-VCEZ,0.6035594979996431,2.764771227104698,138,7,-2.850838966459554,estimated
FR,TU-QNYD-JRRX,-4.273855916700603,1.747378829023925,366,21,-3.4276979334645254,estimated
FR,VI-ZU99-SZ0B,-0.4817402920668231,1.4063932841889162,309,0,-2.4293093239791435,estimated
FR,VV-ALO-06,-9.781143576687912,2.608792574731292,252,0,-3.8929913734227553,estimated
FR,VV-VITA-02,-1.7677519875486754,2.6026582186045295,315,0,-3.057734499017762,estimated
FR,VV-VITA-101,-5.1617346476943515,0.9308512782776273,366,86,-4.140758875311935,estimated
FR,VV-VITA-102,-7.1485773908546,2.26847485538278,362,0,-3.733527004634296,estimated
FR,VV-VITA-104,-2.7190416924902996,1.3828241700001285,319,0,-3.0651861849732263,estimated
FR,VV-VITA-105,-7.8627792756252015,2.0131202154392844,346,7,-3.968715620386658,estimated
FR,VV-VITA-106,0.257642922207282,2.7389883097081675,155,15,-2.8777242711623856,estimated
FR,VV-VITA-107,1.4069640311309484,2.017320683669596,347,30,-2.457115405905276,estimated
FR,VV-VITA-109,-2.405000908120688,2.2479673927325172,337,14,-3.0996501649865316,estimated
FR,VV-VITA-111,-0.5998252206133262,2.581683074849939,295,12,-2.931597697607064,estimated
FR,VV-VITA-116,-1.1092013061006898,1.4987401998795753,302,7,-2.661575568523311,estimated
FR,VV-VITA-119,-0.7092573028050427,1.3191833140586442,281,23,-2.4272681515178673,estimated
FR,VV-VITA-121,-3.513353782730794,1.1221006161841267,351,14,-3.326096744395559,estimated
FR,VV-VITA-122,-2.881877324665887,2.4750717046000172,238,22,-3.1710661313935655,estimated
FR,VV-VITA-124,0.9041505066424584,1.4362078300950445,253,20,-2.0682066549518243,estimated
FR,VV-VITA-127,-6.504952778494748,1.9639272344069554,340,14,-3.769577546048735,estimated
FR,VV-VITA-129,-4.074369972513177,1.520538664567221,337,8,-3.4292140543050187,estimated
FR,VV-VITA-136,-2.6532182092198537,2.3652813270979434,198,7,-3.139624706556584,estimated
FR,VV-VITA-142,-3.0191454618743836,1.0967416081222416,311,8,-3.1333152868901273,estimated
FR,VV-VITA-143,-7.614330967032173,3.3964038472741023,162,1,-3.491235220699796,estimated
FR,VV-VITA-146,-5.781705561382487,2.4234895597702857,262,12,-3.513936473874472,estimated
FR,VV-VITA-151,-3.091914309407553,1.350321560893519,354,27,-3.1731614769658285,estimated
FR,VV-VITA-153,-3.5502426590167517,1.7699171811560328,285,12,-3.277348918686588,estimated
FR,VV-VITA-155,-2.22925149348766,1.057777156825713,337,9,-2.8028094410632347,estimated
FR,VV-VITA-157,-2.020734747287656,1.4448775582958726,348,4,-2.8819898497663092,estimated
FR,VV-VITA-158,3.195906791554123,2.2859959255103997,148,9,-2.366229146093665,estimated
FR,VV-VITA-159,0.021365678786272532,2.5302786392312524,247,16,-2.85315735319182,estimated
FR,VV-VITA-160,-4.377446359889867,3.657271076896603,129,0,-3.273712533509573,estimated
FR,VV-VITA-165,-2.2020272474933353,2.3220443235987815,298,17,-3.0796307288498452,estimated
FR,VV-VITA-166,-1.08383944548021,2.428717345977498,234,10,-2.9571315871489854,estimated
FR,VV-VITA-171,-3.7221461487136795,3.1879197193935,306,0,-3.24552778330446,estimated
FR,VV-VITA-172,-0.8786114266085777,2.0809112783065635,183,8,-2.848465669567615,estimated
FR,VV-VITA-173,-1.5895196318184397,1.4312496148925908,338,0,-2.7573310609926134,estimated
FR,VV-VITA-174,-5.623964148085547,3.1499693373558695,250,8,-3.3868213984671836,estimated
FR,VV-VITA-181,0.3217171175762156,3.088121781363982,142,9,-2.9379579899358044,estimated
FR,VV-VITA-183,0.5281889289542405,2.581841176027883,135,10,-2.8119373554635376,estimated
FR,VV-VITA-186,-0.8879145664220637,2.469906771288528,243,18,-2.9419938249770397,estimated
FR,VV-VITA-188,-2.345371992700308,1.5047879772062493,297,3,-2.9849329319092126,estimated
FR,VV-VITA-190,0.2829841907015833,3.0863143928421564,173,7,-2.940636158712151,estimated
FR,VV-VITA-197,-0.6234105055102467,1.5101961393372496,335,1,-2.542583772299576,estimated
FR,VV-VITA-198,-5.639024750137243,1.3082510227540218,351,7,-3.9768609756012165,estimated
FR,VV-VITA-199,4.197569001827793,3.1025721108132474,322,20,-2.6458825002696997,estimated
FR,VV-VITA-202,-6.422171732814715,2.354457534819426,264,16,-3.609843418430108,estimated
FR,VV-VITA-203,-3.4887659776822657,2.891657513714658,352,6,-3.2326547420857175,estimated
FR,VV-VITA-204,-5.830377184710672,3.0672836566367234,139,6,-3.411826482943416,estimated
FR,VV-VITA-206,1.6545127444202454,1.3973374470725346,226,15,-1.8060473274820554,estimated
FR,VV-VITA-207,-3.0958147501472864,1.4691777255477882,345,3,-3.178213313590107,estimated
FR,VV-VITA-208,-3.4309467054464164,2.050196173753704,223,8,-3.243672885949302,estimated
FR,VV-VITA-215,0.6168919868487694,3.481507698597406,321,20,-2.9740030543369294,estimated
FR,VV-VITA-216,-2.8625113412218,1.161272057166046,265,19,-3.080509303954801,estimated
FR,VV-VITA-222,-5.793966950836751,1.1717983845676077,361,8,-4.153654760017487,estimated
FR,VV-VITA-223,-1.8554195898698176,3.2941894618747876,271,7,-3.1164685942291523,estimated
FR,VV-VITA-224,-2.072223194269996,2.123911152964588,185,4,-3.0388636974535,estimated
FR,VV-VITA-225,-5.45718221076127,2.133326272551209,357,8,-3.5414859919205925,estimated
FR,VV-VITA-227,-3.4500153835205714,2.528926816083992,342,0,-3.235018902615262,estimated
FR,VV-VITA-228,4.303079543116937,2.8649844059225384,259,16,-2.5479802771459146,estimated
FR,VV-VITA-230,-2.5324845818419415,1.4953434052189907,315,21,-3.031747492424211,estimated
FR,VV-VITA-231,-9.563855913850619,1.5701214772194696,315,18,-4.752635384230121,estimated
FR,VV-VITA-237,-2.9385814946026647,1.611080084637545,312,2,-3.1453775069903043,estimated
FR,VV-VITA-243,-4.01555598410561,0.8139727560926936,357,10,-3.647716202876409,estimated
FR,VV-VITA-247,-1.706884116136342,2.5026323499297045,235,0,-3.0399993847433766,estimated
FR,VV-VITA-248,-1.774471802946873,1.0338138381061945,337,1,-2.598415649460636,estimated
FR,VV-VITA-249,-4.803507156555207,2.8794189983371443,260,21,-3.3473847792991713,estimated
FR,VV-VITA-250,-0.9658128604961624,1.3004912300746094,355,2,-2.4936322857591064,estimated
FR,VV-VITA-252,-2.8987920466907884,2.521271065629319,306,16,-3.1741447333072803,estimated
FR,VV-VITA-256,-6.681283209184211,2.186665583572971,341,14,-3.701520584316271,estimated
FR,VV-VITA-257,-4.15034962964813,2.963174031343188,300,1,-3.286285665288319,estimated
FR,VV-VITA-258,0.25357984831144176,1.5459620809505483,126,18,-2.347331646767119,estimated
FR,VV-VITA-259,2.3122724972045754,2.9026043557764067,261,10,-2.734446940139752,estimated
FR,VV-VITA-264,-2.419781079400121,2.7838094111742597,321,19,-3.1353564108785346,estimated
FR,VV-VITA-266,-2.9133232404626983,2.075808987023003,313,24,-3.1626374448692953,estimated
FR,VV-VITA-274,-2.9404370366571895,2.6554813226600835,165,6,-3.1813825374675866,estimated
FR,VV-VITA-276,-0.22308369442706844,1.3990805401105961,356,0,-2.3490351006275665,estimated
FR,VV-VITA-277,2.298044614806845,2.366716870269983,255,12,-2.5268435556284685,estimated
FR,VV-VITA-284,-1.8582722077082345,1.602602317872315,312,0,-2.8904290598591973,estimated
FR,VV-VITA-286,-0.9826977268640289,1.4423696708422737,329,21,-2.5951479727823537,estimated
FR,VV-VITA-287,-5.998463228402476,2.2950234230480566,175,12,-3.5728146185173495,estimated
FR,VV-VITA-295,-4.083180123360473,1.3661773485354967,311,0,-3.4688561189468428,estimated
FR,VV-VITA-298,-0.006957385180260393,3.3811095478532516,214,17,-3.0011740886279585,estimated
FR,VV-VITA-301,-7.435801795643472,2.6038073148144267,253,12,-3.650227046008469,estimated
FR,VV-VITA-303,1.648389089957905,2.5925008240121215,249,10,-2.696859563839338,estimated
FR,VV-VITA-304,-3.9340972964200067,1.6012382091973265,284,0,-3.3795553210674907,estimated
FR,VV-VITA-307,-4.632649982802669,2.7523116360027284,293,10,-3.343115828681357,estimated
FR,VV-VITA-308,0.6173364671830139,1.20785151588165,241,1,-1.863109908189316,estimated
FR,VV-VITA-31,-1.4154545426382719,2.144034568498628,176,8,-2.9451185179626136,estimated
FR,VV-VITA-310,-3.435925863301712,3.5505770849801848,259,18,-3.221855369831254,estimated
FR,VV-VITA-311,-6.162910587753552,1.2739469880284433,335,0,-4.17676083862643,estimated
FR,VV-VITA-313,-3.779279607827428,1.5105809118190148,338,12,-3.355403278074824,estimated
FR,VV-VITA-314,-3.873958544594015,1.4201660735899002,366,14,-3.395951226384457,estimated
FR,VV-VITA-316,0.22409327429373288,3.4895112466219693,316,21,-2.9989788442012726,estimated
FR,VV-VITA-317,-2.6924509394619913,2.2402087739926975,159,7,-3.138147256878483,estimated
FR,VV-VITA-318,-6.507800421207024,2.9173604571902527,292,22,-3.4890682837069225,estimated
FR,VV-VITA-319,1.412793936858816,2.142592241842794,250,14,-2.52900471102707,estimated
FR,VV-VITA-320,-3.683343928992706,1.3447937990605845,328,1,-3.3529683748897394,estimated
FR,VV-VITA-326,-5.204379398071846,2.850921687344012,351,21,-3.3854929437047963,estimated
FR,VV-VITA-329,-4.447313620248462,2.2572443387717898,296,14,-3.3749531536403135,estimated
FR,VV-VITA-333,0.7581512508215921,3.6561672968092234,235,15,-2.9867488263496904,estimated
FR,VV-VITA-336,1.4668090842199348,6.359302016279864,296,14,-3.118699381577658,estimated
FR,VV-VITA-338,-2.6118542280168593,1.1643035591880033,151,9,-2.9885457037187004,estimated
FR,VV-VITA-339,-5.430626323060945,1.271389410182714,363,0,-3.938722162958699,estimated
FR,VV-VITA-340,1.0030316096420842,1.3856162341329277,174,9,-1.979309214757948,estimated
FR,VV-VITA-341,-1.6886139887298597,1.6958269650283282,163,1,-2.8804856182149825,estimated
FR,VV-VITA-342,-2.7409212289585665,1.9608340433687401,238,0,-3.128630048871612,estimated
FR,VV-VITA-343,-1.5742535485732818,2.978843480230805,142,0,-3.074629020274215,estimated
FR,VV-VITA-344,-3.1422356063450656,0.44699647145813026,152,0,-3.155578663022148,estimated
FR,VV-VITA-345,-6.860828158446443,2.8306259995202474,307,20,-3.536690745317528,estimated
FR,VV-VITA-346,-3.241050076751313,2.564446752273044,322,23,-3.211923567833046,estimated
FR,VV-VITA-349,-1.6024486169746173,1.8944297559719316,241,11,-2.9183039105710935,estimated
FR,VV-VITA-351,0.03554207100061875,2.76511356999601,202,9,-2.9041897458717796,estimated
FR,VV-VITA-352,-5.182375575944514,1.459279612531805,177,1,-3.7431822616741917,estimated
FR,VV-VITA-354,-1.8709536633702188,1.4287192632355141,357,0,-2.8347973442075074,estimated
FR,VV-VITA-355,-2.9031280440732217,1.1115873993478704,366,0,-3.089238952422149,estimated
FR,VV-VITA-355-V,-9.649477852134009,2.5351988908803937,142,0,-3.914460316665369,estimated
FR,VV-VITA-356,-3.038348297610793,1.1362766607249624,340,6,-3.1437959593542333,estimated
FR,VV-VITA-357,0.3219046988358507,1.4252294228848938,172,13,-2.218741083150456,estimated
FR,VV-VITA-361,-7.61000878093598,1.9412690321617456,179,9,-3.9722276115656032,estimated
FR,VV-VITA-362,-5.649804076454964,1.9686985252719726,165,9,-3.622337437901217,estimated
FR,VV-VITA-363,-6.701394168334863,1.8385292447795265,309,17,-3.870983064644326,estimated
FR,VV-VITA-364,-4.727016535345312,2.553019328602788,359,0,-3.37281618750821,estimated
FR,VV-VITA-365,-1.3359873437794068,2.051696017241068,138,13,-2.9121454095502393,estimated
FR,VV-VITA-366,-1.4354115265965832,1.830041296212561,222,13,-2.8695773345313005,estimated
FR,VV-VITA-368,-1.4449056475896391,2.3845146997678874,132,8,-2.9929858250586623,estimated
FR,VV-VITA-370,-5.690514520858334,1.2994471232187246,347,22,-4.000404441849846,estimated
FR,VV-VITA-371,-2.4169213453804597,2.7607719790982297,201,13,-3.133978170340783,estimated
FR,VV-VITA-373,3.689117270778374,2.632311457702317,157,0,-2.5014867765782833,estimated
FR,VV-VITA-376,-1.6500654511269857,1.2178840007141332,366,0,-2.666294501646421,estimated
FR,VV-VITA-377,1.336492597728917,1.789752084475156,256,11,-2.308123051299554,estimated
FR,VV-VITA-378,-4.247866305866951,1.844506056171196,255,0,-3.4045513569775974,estimated
FR,VV-VITA-379,-0.2037956087004949,1.9839918226911997,258,12,-2.705521729632853,estimated
FR,VV-VITA-38,-2.9994585612264864,2.21536418926744,228,14,-3.1794071251420437,estimated
FR,VV-VITA-381,0.5222513681869637,3.2054928296208587,287,0,-2.941672971432131,estimated
FR,VV-VITA-382,-2.478594704867356,1.6267718984549024,189,0,-3.0404318085745308,estimated
FR,VV-VITA-385,-10.818226361863191,4.508592071165867,205,11,-3.4935384095059754,estimated
FR,VV-VITA-388,-3.5895811456332476,1.943720573990751,186,15,-3.274424348583042,estimated
FR,VV-VITA-389,1.5805199704230777,1.4144216780763639,352,7,-1.8511475163352538,estimated
FR,VV-VITA-39,-2.2764171058510265,2.6944103655449214,274,12,-3.11682225228624,estimated
FR,VV-VITA-391,-2.3139681839899513,1.5154255330541804,249,0,-2.9792108527768146,estimated
FR,VV-VITA-392,-3.9642704176052037,4.046457021728297,133,0,-3.243261671756845,estimated
FR,VV-VITA-395,-5.073200647382012,1.55706525223028,266,7,-3.667268459004732,estimated
FR,VV-VITA-46,-8.681874903585847,2.8501439947353147,234,20,-3.6942443199977797,estimated
FR,VV-VITA-50,3.062578818344113,1.9178092992377835,239,12,-2.0981682848936583,estimated
FR,VV-VITA-57-V2,0.4200584863773361,1.5273462290899076,121,7,-2.2893963147159027,estimated
FR,VV-VITA-63,-3.115158862572097,1.5794861065735786,306,9,-3.185962537001318,estimated
FR,VV-VITA-86,-7.227254477195763,2.4547881516940726,345,12,-3.6748751005696665,estimated
FR,VV-VITA-88,-1.9989023546782425,1.7220289217403069,233,9,-2.9536591191160526,estimated
FR,VV-VITA-90,-2.960069104427003,2.3022266914542877,361,7,-3.1761595318815945,estimated
FR,VV-VITA-93,-5.683136889619238,4.264611742747508,270,18,-3.3115979510796314,estimated
FR,VV-VITA-94,-0.4967842675135845,2.7762136179290478,217,17,-2.9559536102647264,estimated
FR,_default,-3.2084191132945215,,0,0,-3.2084191132945215,country-default
GB,2R-49NC-R697,-3.8320737775222415,1.5163103660834003,361,21,-2.49009957130482,estimated
GB,BJ-E223-8EKW,-1.6626346190179693,0.5511144420084766,340,14,-1.930222107842471,estimated
GB,CW-KVIN-V39Y,-1.1226786513330802,0.8355722531885631,361,29,-1.862138859648056,estimated
GB,NX-CVPF-VCEZ,8.723461771627857,7.180485446019417,317,0,-2.1861090461770027,estimated
GB,TU-QNYD-JRRX,-2.988652675528519,1.0978494305252835,336,26,-2.440755649197299,estimated
GB,VV-ALO-06,-6.79338295197409,1.356145232917221,332,29,-3.045884348091095,estimated
GB,VV-VITA-101,-0.4332328773840751,2.3686697692481844,358,34,-2.1500250313483855,estimated
GB,VV-VITA-102,-0.8307009976063171,5.463304202793211,330,0,-2.2488289626938065,estimated
GB,VV-VITA-105,-5.1284177179042265,4.332211521556077,217,17,-2.324106329107683,estimated
GB,VV-VITA-106,1.1152864647231886,5.27823467276799,221,1,-2.2212119306618177,estimated
GB,VV-VITA-107,0.5415887222835898,4.733641552964714,279,24,-2.219882092806919,estimated
GB,VV-VITA-109,-6.387259756259462,6.122682363532934,170,5,-2.308580203777365,estimated
GB,VV-VITA-116,-1.0839014435914631,4.548318514502078,357,7,-2.245526417001279,estimated
GB,VV-VITA-119,-8.141126662270624,1.5624232170261314,311,29,-3.062266829614462,estimated
GB,VV-VITA-124,2.4525566404933468,4.870090527261046,343,7,-2.19213364695288,estimated
GB,VV-VITA-127,-1.2243917063759222,0.7319782210174488,298,29,-1.8328772369593191,estimated
GB,VV-VITA-129,11.263641093703052,5.0451666408572615,223,23,-2.06680041623214,estimated
GB,VV-VITA-146,-0.798680824251444,1.073707091596272,326,9,-1.9013699755535984,estimated
GB,VV-VITA-153,-3.326913265446304,2.8215228372712144,187,15,-2.3155516487400205,estimated
GB,VV-VITA-155,-1.0040323529055697,1.2994063882598148,261,11,-2.0338492623344377,estimated
GB,VV-VITA-157,-1.0761477017844145,0.9760947663822535,363,25,-1.926018877754853,estimated
GB,VV-VITA-158,2.792116536006532,3.0933412176970023,270,27,-2.0726534055108683,estimated
GB,VV-VITA-159,-3.6172784056359233,1.4925839992639223,283,37,-2.464744558748839,estimated
GB,VV-VITA-165,2.732111881434992,5.443915360469262,169,12,-2.2033325918461806,estimated
GB,VV-VITA-166,-2.000121273383667,1.0843493834486053,343,24,-2.2015175630197312,estimated
GB,VV-VITA-168,-3.6175461920976177,3.380310674712825,209,18,-2.310708286380605,estimated
GB,VV-VITA-170,-5.622266542674098,3.825905896175773,358,16,-2.3523817386550423,estimated
GB,VV-VITA-171,3.461176711832356,4.503366111195525,175,12,-2.1610210769665006,estimated
GB,VV-VITA-172,4.215582214616626,3.7634378401888187,198,21,-2.0966329678438504,estimated
GB,VV-VITA-173,-3.2348829645874466,1.0241108628125857,297,16,-2.5255259828351253,estimated
GB,VV-VITA-174,-0.2680858009768946,1.0862849593584447,348,17,-1.777903513767177,estimated
GB,VV-VITA-183,-3.7910242544524277,4.608673885875532,334,4,-2.2939335128011935,estimated
GB,VV-VITA-186,-2.9507199315714514,2.812607796472574,282,40,-2.2985058191331746,estimated
GB,VV-VITA-188,7.569551839145086,3.7117401185966705,350,20,-2.0014377474499883,estimated
GB,VV-VITA-189,6.1694933847642925,4.236673591217336,148,13,-2.0910730741033197,estimated
GB,VV-VITA-190,-8.455354999763937,8.202403474434815,188,4,-2.301951427331135,estimated
GB,VV-VITA-197,0.49149939699197553,8.07718895262348,268,2,-2.250922509073084,estimated
GB,VV-VITA-198,-5.0819202244650405,3.3463629079681665,298,27,-2.3599071489056227,estimated
GB,VV-VITA-202,-1.5332950995284365,1.0527823325182348,357,22,-2.0788409667218524,estimated
GB,VV-VITA-204,-1.378815382614524,3.9439875605989294,265,11,-2.245687915290199,estimated
GB,VV-VITA-206,-0.4043291446232767,1.033751546779879,326,19,-1.7762550466843419,estimated
GB,VV-VITA-208,-1.4978599336199099,3.345232611935862,327,19,-2.241586112759967,estimated
GB,VV-VITA-215,-3.7535783476533706,3.683458744851694,284,13,-2.3077249950981846,estimated
GB,VV-VITA-216,8.868749269015648,2.6596461261687083,302,26,-1.696085150475763,estimated
GB,VV-VITA-222,-0.7729261657744919,3.0001664568589135,342,34,-2.206125893230345,estimated
GB,VV-VITA-223,10.742100339672378,5.330724035379394,202,25,-2.094319049077543,estimated
GB,VV-VITA-224,-4.720681207013524,3.632273780176123,178,23,-2.336079388857243,estimated
GB,VV-VITA-227,-2.064397021692149,1.2294857062079765,265,26,-2.2261002060360036,estimated
GB,VV-VITA-228,-0.09464497287290669,4.166789833405156,263,18,-2.22019365637864,estimated
GB,VV-VITA-230,-5.292469028726454,1.3272128991063654,311,28,-2.8064639068424784,estimated
GB,VV-VITA-231,-2.668487434588196,1.0448646527987953,326,10,-2.371110930993209,estimated
GB,VV-VITA-237,-0.29387988081532346,1.1103054243416417,340,21,-1.7999870619783271,estimated
GB,VV-VITA-243,-4.704626411018668,1.011541668288308,336,21,-2.929965365803761,estimated
GB,VV-VITA-247,6.627297673922517,7.696221735354051,255,11,-2.2099594810653307,estimated
GB,VV-VITA-248,-4.627224222395895,1.8345212169458907,323,15,-2.5077243580782627,estimated
GB,VV-VITA-249,1.8544107496365296,3.2270801958419675,254,31,-2.1210690773077334,estimated
GB,VV-VITA-250,-2.365070930942443,0.9719629346178149,301,17,-2.2952440575620305,estimated
GB,VV-VITA-252,-6.849863333022432,5.149948796330214,179,2,-2.332103370032042,estimated
GB,VV-VITA-256,-1.6571864226010453,0.8871950826278407,351,27,-2.0676531239222657,estimated
GB,VV-VITA-257,-5.755606672222558,4.5864082901435665,339,25,-2.3292543701821553,estimated
GB,VV-VITA-258,-0.20823457845508422,1.8941043654726362,231,31,-2.0687573684969554,estimated
GB,VV-VITA-262,-4.380463176980636,1.7438813336303904,333,13,-2.502979410423524,estimated
GB,VV-VITA-264,3.7359241088720654,3.212203694793595,165,18,-2.052549907057737,estimated
GB,VV-VITA-265,1.050020390979558,3.2502985520713725,227,25,-2.1511626546778713,estimated
GB,VV-VITA-266,-2.70067891069865,0.8086461156295592,324,18,-2.426983228217125,estimated
GB,VV-VITA-274,3.4024677451691994,7.334566012713174,214,24,-2.2269899161491673,estimated
GB,VV-VITA-276,-1.6667419611712049,0.698912904811499,360,15,-2.0034809464719645,estimated
GB,VV-VITA-277,-3.5559202941625925,2.319084013629323,361,32,-2.3525219569854166,estimated
GB,VV-VITA-284,-1.0046375237065701,2.168834006745519,208,28,-2.1721168707716303,estimated
GB,VV-VITA-287,-0.59157707672683,4.292365612949882,298,11,-2.232937216921912,estimated
GB,VV-VITA-295,-2.9349019752568686,3.485674623034009,303,35,-2.2873629159358266,estimated
GB,VV-VITA-297,-2.9594004907129166,0.9004155471476195,308,22,-2.4888470487278798,estimated
GB,VV-VITA-301,-6.864294720455445,4.525984305205512,134,18,-2.351206986803215,estimated
GB,VV-VITA-304,6.825766292330479,3.582131532903083,204,26,-2.0039557899665636,estimated
GB,VV-VITA-308,2.543639443734424,2.688132518807878,186,28,-2.025298123585054,estimated
GB,VV-VITA-31,4.496484813607098,2.9285853921738743,324,35,-1.978410607594343,estimated
GB,VV-VITA-310,5.095988651782139,2.836960818323208,304,31,-1.9331459527429435,estimated
GB,VV-VITA-311,-4.26206231271067,1.1084533638877818,358,18,-2.740396408315303,estimated
GB,VV-VITA-313,-3.9542490007123443,1.0261255230160338,343,22,-2.7163800033608654,estimated
GB,VV-VITA-314,0.2968129219928647,1.1495163060499958,361,36,-1.6917410203264631,estimated
GB,VV-VITA-316,-3.6114080875061503,3.604376475560664,267,11,-2.3054168998384816,estimated
GB,VV-VITA-317,-12.624437097423298,5.481772479447996,319,5,-2.3970884305544837,estimated
GB,VV-VITA-318,9.933977817608696,10.896241570683676,124,15,-2.2278349371495456,estimated
GB,VV-VITA-319,-4.615096726884504,4.521779489977737,179,13,-2.3100832676871352,estimated
GB,VV-VITA-320,-2.325035886390422,1.0191472697071418,343,26,-2.2826058072835256,estimated
GB,VV-VITA-326,-2.3454805835786185,2.3755906150110753,282,27,-2.2719697265975163,estimated
GB,VV-VITA-329,-3.8280384228628987,0.9921554488972812,317,20,-2.7036233701919477,estimated
GB,VV-VITA-336,9.49014819010501,4.221048116376201,177,22,-2.0200505831440734,estimated
GB,VV-VITA-338,2.836699228777576,2.237438132274833,195,35,-1.9049350486783607,estimated
GB,VV-VITA-339,-1.7655087617950305,0.9613625138780304,360,11,-2.1202652166221236,estimated
GB,VV-VITA-341,2.2673180262221906,4.250105677971898,288,25,-2.1730255151381077,estimated
GB,VV-VITA-342,2.0460328023733476,9.4540489767678,186,9,-2.2486233965094375,estimated
GB,VV-VITA-344,-0.5180936738499298,0.6187361852766928,162,17,-1.393208439019626,estimated
GB,VV-VITA-346,-0.5065413247114289,4.65149980863151,302,21,-2.2364286079655975,estimated
GB,VV-VITA-351,-0.6372436252477973,1.2779573899051964,198,10,-1.9578881624447702,estimated
GB,VV-VITA-352,-3.2627241478862175,2.3227318792892047,167,16,-2.332872249749168,estimated
GB,VV-VITA-353,-2.575720450234291,0.8508284554489823,365,21,-2.3736771080633057,estimated
GB,VV-VITA-354,0.5462435370628331,1.8908211454739041,160,23,-1.9952597076368275,estimated
GB,VV-VITA-355,-12.030198649581887,7.762099368116186,323,11,-2.3285417734072644,estimated
GB,VV-VITA-356,-2.742158997326002,3.3445712323099377,307,6,-2.282691400639623,estimated
GB,VV-VITA-357,-2.1446463584078184,0.7756810911779869,161,18,-2.219460621969708,estimated
GB,VV-VITA-358,-2.2172852931797338,2.1089863940675184,135,2,-2.263056883661229,estimated
GB,VV-VITA-360,-1.1509446838827517,1.6657049148853023,123,3,-2.1318515211916824,estimated
GB,VV-VITA-361,6.308843027578079,4.9167893506989335,153,20,-2.1335004740161545,estimated
GB,VV-VITA-363,0.0979625103434617,1.5392755518816188,180,24,-1.938454428744904,estimated
GB,VV-VITA-364,-3.653197044403328,7.296864150214446,311,0,-2.2768714809063404,estimated
GB,VV-VITA-365,2.0007088090338,1.6984428024352103,170,20,-1.767647229395247,estimated
GB,VV-VITA-366,-2.3650902602291017,1.0884431758103996,348,18,-2.2909214476539583,estimated
GB,VV-VITA-367,-2.6509448263662314,1.4664977190182533,179,6,-2.324935593333283,estimated
GB,VV-VITA-368,-2.435211403804533,8.363755013382008,252,3,-2.2679047897316242,estimated
GB,VV-VITA-369,-0.30834149936665245,3.855789369797625,162,17,-2.217893648898856,estimated
GB,VV-VITA-370,-4.971797277189057,5.412792260174929,298,19,-2.3018253369140864,estimated
GB,VV-VITA-371,0.9719139634527673,2.069218220199407,285,33,-2.0015320491658986,estimated
GB,VV-VITA-372,-2.3783782431312974,1.1082498942153185,219,15,-2.2934288751061653,estimated
GB,VV-VITA-374,8.287601527197076,4.44688758347795,255,16,-2.066836944649583,estimated
GB,VV-VITA-376,-4.47352671305719,5.4264908516195485,261,14,-2.2952667304884775,estimated
GB,VV-VITA-378,10.513675693701956,7.920362323471918,346,0,-2.1895846146110363,estimated
GB,VV-VITA-379,0.6517362898729893,1.0190725312746605,317,19,-1.4817154844330762,estimated
GB,VV-VITA-380,-1.0650352789074788,4.599046381033835,147,13,-2.2456540463301184,estimated
GB,VV-VITA-381,-0.08358326271266106,2.7445759220849504,271,29,-2.161543161280594,estimated
GB,VV-VITA-382,-3.8299289563655674,4.322252928545072,310,26,-2.2983287637889878,estimated
GB,VV-VITA-384,-2.9530470612993445,6.785121100382351,145,15,-2.2726399570755755,estimated
GB,VV-VITA-385,-0.8191428974865862,7.911122125616344,211,17,-2.2582013090583297,estimated
GB,VV-VITA-388,-0.9807403902226142,0.9387271230838411,361,35,-1.8778440906294362,estimated
GB,VV-VITA-39,-2.2534544819648326,2.940851842557466,287,33,-2.2664176063658883,estimated
GB,VV-VITA-390,-8.841378367047199,5.63794016219749,193,1,-2.345112316007561,estimated
GB,VV-VITA-396,-1.0007149143203966,3.6794760594376754,210,21,-2.2322198564074793,estimated
GB,VV-VITA-46,-12.261988882002175,6.6560051534101365,206,18,-2.3524919999634037,estimated
GB,VV-VITA-49,2.5095366932618033,1.8328928627885457,235,26,-1.7790275141521315,estimated
GB,VV-VITA-50,-2.426837472098235,0.857061881487297,293,16,-2.321701656994936,estimated
GB,VV-VITA-57-V,-0.6753554943240262,5.367245230135028,188,9,-2.2461473254548032,estimated
GB,VV-VITA-57-V2,11.109937365951723,8.357284821878325,178,7,-2.1941782471122773,estimated
GB,VV-VITA-63,-2.014888909595538,1.0332244289184283,357,15,-2.2005221102647328,estimated
GB,VV-VITA-86,-4.053839383368274,4.212165493690784,335,8,-2.3046755751835017,estimated
GB,VV-VITA-88,-2.6666896043238912,3.5412826416310312,300,10,-2.278813372987362,estimated
GB,VV-VITA-90,-4.983827861495154,0.8340904316783025,365,45,-3.2303998455376943,estimated
GB,VV-VITA-93,1.063324521491658,0.9413041500524928,295,23,-1.2632746711479115,estimated
GB,VV-VITA-94,-2.0874916376313157,2.0022213214250124,257,18,-2.2513650646229446,estimated
GB,_default,-2.2669905508811525,,0,0,-2.2669905508811525,country-default
IE,2R-49NC-R697,1.3176810668595764,3.5520267151374227,149,7,-2.6534711098905874,estimated
IE,VV-VITA-101,-0.20090123150530617,1.5477821189227987,196,20,-2.137140193753356,estimated
IE,VV-VITA-127,-4.654254804497585,1.798650389135075,203,17,-3.391257560488793,estimated
IE,VV-VITA-153,-8.886605130264453,3.117582665031244,133,11,-3.5565674821152857,estimated
IE,VV-VITA-170,0.9230746093501953,2.054915116195552,152,22,-2.207180265522603,estimated
IE,VV-VITA-173,-1.7088031529464955,1.8918149081602926,236,18,-2.6945978960612633,estimated
IE,VV-VITA-222,0.47165439464295655,2.3471108523083313,163,8,-2.4314205067324055,estimated
IE,VV-VITA-230,-1.4328822991539023,2.2157750197572463,184,22,-2.7105150316781206,estimated
IE,VV-VITA-248,-0.7033437171421427,3.3386672551275867,137,6,-2.7871881132662146,estimated
IE,VV-VITA-256,-0.49371826797499485,2.2932726166884825,168,10,-2.569763778619504,estimated
IE,VV-VITA-266,-12.83979383681095,3.3860705318080004,139,7,-3.8070726504443986,estimated
IE,VV-VITA-311,-7.116722821411917,2.4512252284677616,217,15,-3.5958862859922087,estimated
IE,VV-VITA-314,-0.7164402618809728,3.0213042920779416,220,12,-2.749731907144583,estimated
IE,VV-VITA-339,-3.214982888946737,2.370207885267037,164,2,-3.019243296753674,estimated
IE,VV-VITA-341,2.541383492893396,2.806846194486011,130,13,-2.335160766963923,estimated
IE,VV-VITA-355,-2.5092021288607884,2.371287935675374,141,10,-2.9084916366210365,estimated
IE,VV-VITA-367,-3.681457390313222,3.1238885274072445,216,12,-3.050443155430492,estimated
IE,VV-VITA-370,-7.546829827215914,2.6811406322445785,235,5,-3.5626800540757726,estimated
IE,VV-VITA-371,-7.299478405260277,2.9557888697861276,184,11,-3.4444570218189856,estimated
IE,VV-VITA-372,-2.8009680302370454,2.306721826768237,191,21,-2.952911104152672,estimated
IE,VV-VITA-374,-0.8720501705522339,2.158895065354045,174,8,-2.595826439415485,estimated
IE,VV-VITA-381,-2.3586306726355835,4.02500560417915,187,2,-2.944923866119407,estimated
IE,VV-VITA-88,-2.535229045211424,2.266042074099282,154,9,-2.907030819452868,estimated
IE,_default,-2.9827883713131254,,0,0,-2.9827883713131254,country-default
IT,2R-49NC-R697,-1.7628097355321286,1.2860745873971264,343,4,-2.624724937536862,estimated
IT,BJ-E223-8EKW,-6.344040741044522,1.9447373979576172,326,8,-5.134321214842959,estimated
IT,CP-DQMG-RVN9,0.10007573422581995,1.9884740650120334,279,4,-2.3390044303411086,estimated
IT,CW-KVIN-V39Y,-3.3841662824059617,1.3044523790749216,361,8,-3.6730969987029694,estimated
IT,NX-CVPF-VCEZ,-3.0109346432491297,1.1770716481972887,366,25,-3.3815520502220027,estimated
IT,TU-QNYD-JRRX,-0.9202170712398267,1.3331174804370536,364,34,-2.1368773054884804,estimated
IT,VI-ZU99-SZ0B,-3.6942708680854306,1.2909330832560475,331,2,-3.868256308120076,estimated
IT,VV-ALO-06,-3.8018727154844005,2.389964534639449,283,6,-4.050113670759081,estimated
IT,VV-VITA-02,-2.8771453223586336,1.746970537451956,269,4,-3.535786584673647,estimated
IT,VV-VITA-101,-0.6987833646472064,0.7569655170622998,366,40,-1.2595177987028405,estimated
IT,VV-VITA-102,-3.4189513963289784,1.954870344094836,354,1,-3.846185905524131,estimated
IT,VV-VITA-104,-1.3619445567882031,1.182706848100698,359,22,-2.261251024496818,estimated
IT,VV-VITA-105,-9.384783600573435,2.491185329379699,302,13,-5.869921811716653,estimated
IT,VV-VITA-106,-3.4606414833050367,1.4161069725173334,241,1,-3.749684214195658,estimated
IT,VV-VITA-107,-3.1824560481076944,1.6409673216288059,323,28,-3.6555354231205386,estimated
IT,VV-VITA-109,-5.974719806184044,1.2951900262054001,360,7,-5.328813356485746,estimated
IT,VV-VITA-111,-3.887885602035283,1.2732922386358843,348,7,-3.990651666698934,estimated
IT,VV-VITA-116,-5.217374868430663,2.3257977785736554,321,22,-4.548693926850356,estimated
IT,VV-VITA-119,-2.1462742945537605,0.6912717945577356,351,27,-2.426960203453051,estimated
IT,VV-VITA-121,-2.100941737515129,1.3764728157373025,345,14,-2.908261945729357,estimated
IT,VV-VITA-122,-6.084140504219795,0.905830307368501,357,25,-5.673445641200503,estimated
IT,VV-VITA-122-V,-0.7986182400879509,2.761873443951178,200,14,-3.2290062759610687,estimated
IT,VV-VITA-124,-2.4136969984098524,1.1129583499124687,366,18,-2.931747328275107,estimated
IT,VV-VITA-127,-2.5704684358798833,1.888405932791379,337,1,-3.446624161344751,estimated
IT,VV-VITA-129,-3.398801087470017,2.1537874034417213,261,21,-3.8740661141419217,estimated
IT,VV-VITA-136,-5.147637104841507,1.2352588968200375,366,25,-4.820192286040372,estimated
IT,VV-VITA-142,-2.7531501162617746,1.3510584906872294,316,3,-3.294610347966389,estimated
IT,VV-VITA-143,-10.441338869240932,1.5854135841178347,279,25,-7.578571927959541,estimated
IT,VV-VITA-146,-2.45318799732959,1.296483048860666,365,25,-3.0753112428293568,estimated
IT,VV-VITA-151,-4.977422997563928,0.6589943092584337,361,38,-4.876094293459337,estimated
IT,VV-VITA-153,-5.837001008350572,1.4344834237484083,354,24,-5.1606511449753825,estimated
IT,VV-VITA-155,-5.406138822498043,1.6972725054084903,354,21,-4.803783876985629,estimated
IT,VV-VITA-157,-4.630068890083804,1.0825453740536632,365,8,-4.50310560472521,estimated
IT,VV-VITA-158,-2.881542417832468,1.2112461368786613,360,8,-3.3094438820583365,estimated
IT,VV-VITA-159,-3.367715257642588,0.6457083328894306,366,48,-3.4672692993409786,estimated
IT,VV-VITA-160,-5.510037360547823,2.1485282497556164,168,5,-4.702100183102154,estimated
IT,VV-VITA-165,-5.719821932401795,1.2678124163309696,340,21,-5.180707285076906,estimated
IT,VV-VITA-166,-3.222546830097446,1.951148712632009,230,9,-3.759167952654974,estimated
IT,VV-VITA-168,-6.342341520755999,1.3304837510630083,204,16,-5.537162035243984,estimated
IT,VV-VITA-171,-3.441467458662848,2.039201116683042,358,15,-3.8713258664287578,estimated
IT,VV-VITA-172,-5.364662027408321,1.5584425354697422,318,10,-4.833021436756095,estimated
IT,VV-VITA-173,-2.959125471949142,1.1894216752733289,355,9,-3.351708872817116,estimated
IT,VV-VITA-174,-1.6646107500148164,1.2116438416362367,250,12,-2.4939723102665536,estimated
IT,VV-VITA-181,-3.7363560738562236,2.374459682914728,217,11,-4.026327193420267,estimated
IT,VV-VITA-183,-5.686897994957126,2.4149285848997337,266,16,-4.689942890629608,estimated
IT,VV-VITA-186,-1.3565970717952964,1.9287869831868436,284,23,-2.923180505834427,estimated
IT,VV-VITA-188,-2.137699920417521,1.9210341147196959,260,17,-3.2667887868655545,estimated
IT,VV-VITA-189,-0.5310053454352809,2.1531380122767296,222,1,-2.7508883931881924,estimated
IT,VV-VITA-190,-0.32308457063535717,2.016654903311878,235,4,-2.5475608248598807,estimated
IT,VV-VITA-197,0.7189634133723402,2.168236630705953,254,13,-2.27767146176192,estimated
IT,VV-VITA-198,-8.262773294823173,0.7322058784041812,366,14,-7.64095159174178,estimated
IT,VV-VITA-199,-4.512946610526991,1.885737875981277,231,5,-4.331811208262002,estimated
IT,VV-VITA-202,-5.277692181081631,1.2334116321487696,323,8,-4.906981353273922,estimated
IT,VV-VITA-203,-4.647685552428459,1.0137500145452951,363,47,-4.527831344123069,estimated
IT,VV-VITA-204,-3.5606697640521814,1.5692483384207334,314,14,-3.840591276972779,estimated
IT,VV-VITA-206,-1.5631484516148975,2.544896126551865,228,23,-3.354439187341863,estimated
IT,VV-VITA-207,-4.844500472464142,1.6295666314378863,359,18,-4.5315210232965075,estimated
IT,VV-VITA-208,-3.4151538850086207,2.201655679279528,209,10,-3.8884366501548993,estimated
IT,VV-VITA-215,-4.374266495045004,1.2172168264229943,352,9,-4.309749597826464,estimated
IT,VV-VITA-216,-4.705981747575077,2.4756861657291496,246,0,-4.352103984130107,estimated
IT,VV-VITA-222,-6.972431465840801,2.1085322811435683,343,15,-5.301413295662108,estimated
IT,VV-VITA-223,-10.016583458930839,2.205790799964078,349,30,-6.398730788783771,estimated
IT,VV-VITA-224,-6.848009874745198,2.1110529640624263,288,7,-5.249909727171877,estimated
IT,VV-VITA-225,-5.3530666645947065,2.416065824267543,244,8,-4.576696553536161,estimated
IT,VV-VITA-227,-1.4134792745939695,1.728253953701194,287,17,-2.797270497337398,estimated
IT,VV-VITA-228,-4.111731921745925,0.8014751588761958,340,38,-4.12378968257664,estimated
IT,VV-VITA-230,-2.6033137418818892,1.6478347343982942,318,25,-3.3543855734048478,estimated
IT,VV-VITA-231,-8.011522872712643,1.3398345699315033,327,42,-6.5722900624619145,estimated
IT,VV-VITA-237,-0.755972168770728,1.5877897730244213,336,28,-2.3238905001564687,estimated
IT,VV-VITA-243,-3.2442189657329963,0.5359578055240329,363,46,-3.326369671520763,estimated
IT,VV-VITA-247,-1.4902234045936409,2.1001271576007476,352,13,-3.094415356705179,estimated
IT,VV-VITA-248,-7.967972700083259,1.5382176601947601,319,33,-6.292683976508577,estimated
IT,VV-VITA-249,-4.5943942513939735,2.191417506437203,296,21,-4.338695737411483,estimated
IT,VV-VITA-250,-5.9780017711842035,1.3319166741863853,351,7,-5.30757233533264,estimated
IT,VV-VITA-252,-2.208121197959658,0.9630423554475983,363,16,-2.6756126104415063,estimated
IT,VV-VITA-256,-4.76684801371938,2.305491583627398,269,18,-4.390882373256932,estimated
IT,VV-VITA-257,-3.1413828433844486,1.9454946593053444,244,4,-3.7220178291907726,estimated
IT,VV-VITA-258,-2.4595593599449863,3.0061188684820794,191,21,-3.752759651669216,estimated
IT,VV-VITA-259,-4.934708940535933,1.7725405439529485,355,22,-4.547537292031031,estimated
IT,VV-VITA-262,-8.155564534862037,2.2495347901443634,272,13,-5.654623485893961,estimated
IT,VV-VITA-264,-1.3566319094974042,2.1940443103231524,152,5,-3.099426494139874,estimated
IT,VV-VITA-265,-1.9342040881113223,2.133612718893473,167,13,-3.2906322635260867,estimated
IT,VV-VITA-266,-3.4060421284754154,1.0342716234225986,323,24,-3.6102195088444358,estimated
IT,VV-VITA-274,-6.828519639061764,2.055093781584401,357,0,-5.276453550903868,estimated
IT,VV-VITA-276,-3.2990328874643424,0.6931037446414923,366,36,-3.4211606019259135,estimated
IT,VV-VITA-277,-3.773651610959921,1.33947505685694,343,9,-3.9261559115003912,estimated
IT,VV-VITA-284,-7.287235057494932,1.5581815187027745,348,27,-5.893201145200309,estimated
IT,VV-VITA-286,-4.378182718455262,1.1570666457729302,325,16,-4.316745844882713,estimated
IT,VV-VITA-287,-4.477369723240962,1.3287076810283474,320,14,-4.366762871601765,estimated
IT,VV-VITA-295,-4.866702958292894,1.1289810124779474,320,2,-4.661121660388903,estimated
IT,VV-VITA-297,2.1709090403201112,2.5542340869102533,135,8,-2.1866457733922244,estimated
IT,VV-VITA-298,-3.149855127855788,1.1415842971473897,286,12,-3.4629253241675815,estimated
IT,VV-VITA-301,-6.17628600613645,2.175307755816375,290,21,-4.951929171726808,estimated
IT,VV-VITA-303,-7.83211009163484,1.3161631100812363,363,11,-6.490665742035736,estimated
IT,VV-VITA-304,-7.527053524654086,1.3483622060682439,314,22,-6.259815626263312,estimated
IT,VV-VITA-307,-2.978407197434759,1.4688039744883479,362,24,-3.4825131009497943,estimated
IT,VV-VITA-308,-4.020573145544058,1.2407696607510699,334,11,-4.074763570872062,estimated
IT,VV-VITA-31,-5.713365225860723,3.010739272455415,233,12,-4.559627951246011,estimated
IT,VV-VITA-310,-3.1908179213182257,2.3429297264706848,300,22,-3.83150787910747,estimated
IT,VV-VITA-311,-4.905130603513897,1.0491368619745882,337,40,-4.709686528445886,estimated
IT,VV-VITA-313,-4.692446403959731,1.36615779336923,353,22,-4.495192496121976,estimated
IT,VV-VITA-314,-8.951235183303028,1.5223554528958032,351,27,-6.865475356116948,estimated
IT,VV-VITA-316,-4.378292134406219,1.5420118887512564,362,17,-4.290271401573037,estimated
IT,VV-VITA-317,-0.6315625067640385,1.5409024442948585,363,26,-2.2037992951278405,estimated
IT,VV-VITA-318,-4.327469757603488,2.335375485238539,297,22,-4.2320267564786995,estimated
IT,VV-VITA-319,-4.400215323257662,1.2930757948498888,354,18,-4.321065720482578,estimated
IT,VV-VITA-320,-6.0811530752445595,0.8719178348877833,366,44,-5.695113636800064,estimated
IT,VV-VITA-320-V,3.539404051568816,1.9340489564057275,184,16,-0.7543302449437994,estimated
IT,VV-VITA-326,-5.593626200488823,1.1447277813247716,365,7,-5.162225179135246,estimated
IT,VV-VITA-327,-2.009788259916102,3.394600181828327,156,2,-3.7334378525915133,estimated
IT,VV-VITA-329,-12.554257108039986,1.664468813750222,333,15,-8.52252044062863,estimated
IT,VV-VITA-331,-8.412170173276104,2.828254829171856,239,22,-5.3297466121500925,estimated
IT,VV-VITA-333,-3.813215868571396,1.6304197376932201,334,34,-3.9859241799132237,estimated
IT,VV-VITA-336,-1.5113978694739698,1.429930835972383,228,8,-2.5963569463655976,estimated
IT,VV-VITA-337,-4.731259929610071,1.876726753417342,140,13,-4.432734610778913,estimated
IT,VV-VITA-338,-5.117229192710778,0.6446120049495278,328,4,-5.002652662885986,estimated
IT,VV-VITA-339,-6.372163483841122,1.6923867639300227,363,14,-5.2984719881906415,estimated
IT,VV-VITA-340,-2.7904147779793074,0.6369787019738855,363,37,-2.956713276071287,estimated
IT,VV-VITA-341,-3.233731567047987,1.460734287594929,341,28,-3.6281671016707424,estimated
IT,VV-VITA-342,-2.270236310448902,2.8410634745313446,344,15,-3.6643794013129845,estimated
IT,VV-VITA-343,-0.2704770681109386,1.1122384827890037,127,13,-1.4161471633423157,estimated
IT,VV-VITA-344,-1.5165709450888993,0.8724642062660027,240,49,-2.0578397281097596,estimated
IT,VV-VITA-345,-2.930108248306333,2.6935774902009206,343,22,-3.8155999031557535,estimated
IT,VV-VITA-346,-5.169969022487812,2.0255011759329,286,22,-4.596748552977738,estimated
IT,VV-VITA-348,-2.170677886007634,2.476390744620013,156,14,-3.522159033779496,estimated
IT,VV-VITA-349,-6.822932780124342,1.6911386817903964,232,13,-5.529454868860858,estimated
IT,VV-VITA-351,-4.255932561085739,1.4498086034383448,336,22,-4.224471116125295,estimated
IT,VV-VITA-352,-5.6724403428470955,1.1861813280011657,258,27,-5.19416818849119,estimated
IT,VV-VITA-354,-1.1789576156483963,0.8814204475919148,366,39,-1.7988280290701997,estimated
IT,VV-VITA-355,-3.32479453541357,0.7532880338246515,366,46,-3.4614007653586323,estimated
IT,VV-VITA-355-V,-0.6818238596931047,2.5947130136136205,161,9,-3.1055191065353758,estimated
IT,VV-VITA-356,-8.867505047337287,1.2584547794178216,352,23,-7.242246424356762,estimated
IT,VV-VITA-357,-1.9513079741751231,1.2005110453272934,235,22,-2.6770699495938786,estimated
IT,VV-VITA-359,-8.342367822289528,1.3638048228191422,340,19,-6.744094713642604,estimated
IT,VV-VITA-361,-4.268642616837998,1.052373986218623,364,22,-4.244596801929959,estimated
IT,VV-VITA-362,-5.443020719277364,1.1786068031870098,347,26,-5.041775584526233,estimated
IT,VV-VITA-363,-7.622477845829293,1.8451101290201448,275,30,-5.787900793724045,estimated
IT,VV-VITA-364,0.11492085201774987,0.8416020179155913,363,38,-0.7089045246946196,estimated
IT,VV-VITA-365,-2.086433020782178,2.2624926581189433,204,18,-3.4088662082005703,estimated
IT,VV-VITA-366,-5.784276568703679,0.9263407211931877,291,8,-5.42594325089252,estimated
IT,VV-VITA-367,-9.409161992921591,1.7552873799770654,308,22,-6.752716926985695,estimated
IT,VV-VITA-368,-2.230303345366901,1.5612430346371733,275,20,-3.106768884478394,estimated
IT,VV-VITA-369,0.15420661294300458,1.3693069645503038,173,12,-1.518159398566529,estimated
IT,VV-VITA-370,-7.8122426645105305,1.7697516328962761,351,41,-5.952112836448899,estimated
IT,VV-VITA-371,-6.576269411182835,1.495663718502283,307,26,-5.549502271231706,estimated
IT,VV-VITA-374,-5.4568016939704425,1.5042282523706418,317,22,-4.906097426598259,estimated
IT,VV-VITA-375,-5.558828499593891,1.993764246933137,267,22,-4.7711352351956675,estimated
IT,VV-VITA-376,-4.583615546975342,1.3063676376698214,362,4,-4.436700402974024,estimated
IT,VV-VITA-377,-3.6418216162142887,1.1076303145480078,296,18,-3.7985594789288575,estimated
IT,VV-VITA-378,-1.7836675704393534,1.8975419653293553,217,10,-3.093907854881812,estimated
IT,VV-VITA-379,-4.702045659511129,1.7196536355743195,363,21,-4.442109375331448,estimated
IT,VV-VITA-38,-1.2432587961064407,1.2783559792965828,341,7,-2.2823513957694583,estimated
IT,VV-VITA-380,-2.969022418742126,0.7783389960846615,204,16,-3.173343909518661,estimated
IT,VV-VITA-381,-6.261285558856093,1.4246256983759857,315,14,-5.418698280306027,estimated
IT,VV-VITA-382,-7.605289552892593,2.0554072574874027,278,22,-5.597806447319998,estimated
IT,VV-VITA-383,-0.9844491770621931,2.6176465930772164,210,23,-3.210386307460653,estimated
IT,VV-VITA-385,-4.802876270742039,2.1290613077679885,180,23,-4.427154357516123,estimated
IT,VV-VITA-386,-8.124253494957006,2.0412749934650876,213,29,-5.82585460205176,estimated
IT,VV-VITA-387,-0.23648615064676565,0.9627925518058703,136,24,-1.1710873708303142,estimated
IT,VV-VITA-388,-1.8455521768328174,1.1476045965923787,308,34,-2.560292559189768,estimated
IT,VV-VITA-389,-4.334844246622642,0.9616650936263252,358,15,-4.298164252578723,estimated
IT,VV-VITA-39,0.2456657170834144,0.6984749460265349,354,164,-0.37617529817823947,estimated
IT,VV-VITA-390,-0.875076915431223,0.8280563917081486,139,18,-1.4925386068621678,estimated
IT,VV-VITA-391,-10.044459014624538,2.238322468517504,252,30,-6.369007489984133,estimated
IT,VV-VITA-392,-8.596816235716888,2.493271276532275,208,8,-5.612438873847031,estimated
IT,VV-VITA-394,-5.3993347156555735,1.4647068528989877,227,8,-4.889279180366629,estimated
IT,VV-VITA-395,-2.4289309770017913,2.3087051508243093,274,36,-3.5513830234678303,estimated
IT,VV-VITA-396,2.3269783635047,2.2284422095204093,129,2,-1.7374202756044599,estimated
IT,VV-VITA-397,-4.481419109335252,2.2971017612012785,159,14,-4.288760414533979,estimated
IT,VV-VITA-401,-0.3131174878560858,4.3560594888289375,124,7,-3.654345741839894,estimated
IT,VV-VITA-406,3.460284631260552,3.8004282833008176,124,8,-2.8715684694022086,estimated
IT,VV-VITA-46,-6.586057298121636,0.9915542492703916,332,37,-5.9897420793277005,estimated
IT,VV-VITA-49,-7.453206009039326,1.5371910643610938,353,18,-6.006647015202768,estimated
IT,VV-VITA-50,-7.708933875013543,1.8875106532128707,325,30,-5.788434224899843,estimated
IT,VV-VITA-57-V,-5.837063275243405,2.2290801866198473,323,1,-4.801650678815816,estimated
IT,VV-VITA-57-V2,-4.096370718815689,1.218920528591527,325,4,-4.124103669720079,estimated
IT,VV-VITA-63,-2.0533755930930893,0.6970606664165762,366,18,-2.3511293846693424,estimated
IT,VV-VITA-86,-3.056481995775135,2.279374851356694,341,17,-3.769990003765191,estimated
IT,VV-VITA-88,-3.8647534467926454,0.8007994527321065,313,3,-3.9204809782323444,estimated
IT,VV-VITA-90,-3.5073077235958072,1.7431706989099602,344,18,-3.84659879216195,estimated
IT,VV-VITA-93,-1.6958910172496462,2.301654128980127,235,11,-3.2847816063054474,estimated
IT,VV-VITA-94,-8.55678279078141,1.3629199238390948,344,30,-6.877525860139197,estimated
IT,_default,-4.179805034462749,,0,0,-4.179805034462749,country-default
NL,2R-49NC-R697,0.028093650412578886,0.8534966902621635,162,22,-1.2480939064902115,estimated
NL,_default,-3.0,,0,0,-3.0,country-default
