packaging,marketplace,fba_fee,n_skus
Capsule bottle,BE,3.58,16
Capsule bottle,DE,3.13,144
Capsule bottle,ES,3.57,158
Capsule bottle,FR,4.79,152
Capsule bottle,GB,2.95,102
Capsule bottle,IE,1.55,113
Capsule bottle,IT,4.19,159
Capsule bottle,NL,3.32,102
Glass jar (Femme/Youth),DE,3.21,2
Glass jar (Femme/Youth),ES,3.91,2
Glass jar (Femme/Youth),FR,4.79,2
Glass jar (Femme/Youth),IE,1.55,2
Glass jar (Femme/Youth),IT,4.23,2
Glass jar (Femme/Youth),NL,3.66,1
Gummies (Dose),BE,3.73,4
Gummies (Dose),DE,3.1,12
Gummies (Dose),ES,3.51,4
Gummies (Dose),FR,4.96,4
Gummies (Dose),GB,2.74,3
Gummies (Dose),IE,1.53,4
Gummies (Dose),IT,3.97,4
Gummies (Dose),NL,3.56,4
Liquid (spray / drops),DE,2.43,3
Liquid (spray / drops),ES,3.05,3
Liquid (spray / drops),FR,4.02,3
Liquid (spray / drops),GB,2.46,2
Liquid (spray / drops),IE,1.2,2
Liquid (spray / drops),IT,3.4,3
Liquid (spray / drops),NL,2.91,3
Oil / softgel,DE,3.18,6
Oil / softgel,ES,3.8,7
Oil / softgel,FR,4.79,7
Oil / softgel,GB,2.95,7
Oil / softgel,IE,1.55,7
Oil / softgel,IT,4.23,7
Oil / softgel,NL,3.52,5
Powder pouch 1 kg,BE,4.88,2
Powder pouch 1 kg,DE,3.46,2
Powder pouch 1 kg,ES,4.6,2
Powder pouch 1 kg,FR,6.24,2
Powder pouch 1 kg,GB,3.31,1
Powder pouch 1 kg,IE,2.58,2
Powder pouch 1 kg,IT,5.26,2
Powder pouch 1 kg,NL,4.68,2
Powder pouch 300 g,DE,2.82,7
Powder pouch 300 g,ES,3.86,6
Powder pouch 300 g,FR,4.71,6
Powder pouch 300 g,GB,2.69,5
Powder pouch 300 g,IE,1.38,4
Powder pouch 300 g,IT,4.0,7
Powder pouch 300 g,NL,3.4,4
Powder pouch 500 g,BE,3.85,2
Powder pouch 500 g,DE,3.19,11
Powder pouch 500 g,ES,4.01,11
Powder pouch 500 g,FR,5.88,11
Powder pouch 500 g,GB,3.09,8
Powder pouch 500 g,IE,2.05,10
Powder pouch 500 g,IT,5.02,11
Powder pouch 500 g,NL,3.66,6
Sticks / sachets,BE,3.44,1
Sticks / sachets,DE,3.17,1
