country,sku,spend_per_unit,ad_spend_eur,units_ordered
BE,2R-49NC-R697,0.2516,6.29,25
BE,98-VX35-DC63-Neu,,0.0,0
BE,Immun-Intense-1er,,0.0,0
BE,NX-CVPF-VCEZ,0.343,3.43,10
BE,OD-MZWV-JBYL-Neu,0.0,0.0,1
BE,SKU-WT-WKPz,,0.0,0
BE,SKU-WT-WMGz,0.0,0.0,1
BE,VV-ALO-06,,0.0,0
BE,VV-VITA-101,0.243922,12.44,51
BE,VV-VITA-116,0.388947,7.39,19
BE,VV-VITA-122,0.0,0.0,1
BE,VV-VITA-173,0.0,0.0,4
BE,VV-VITA-198,0.0,0.0,10
BE,VV-VITA-203,0.0,0.0,15
BE,VV-VITA-237,0.0,0.0,9
BE,VV-VITA-320,0.165,0.33,2
BE,VV-VITA-329,0.0,0.0,8
BE,VV-VITA-339,0.0,0.0,11
BE,VV-VITA-370,0.162927,13.36,82
BE,VV-VITA-371,1.379,13.79,10
BE,VV-VITA-374,0.0,0.0,2
BE,VV-VITA-377,0.24,1.2,5
BE,VV-VITA-381,0.4438,22.19,50
BE,VV-VITA-412,,0.0,0
BE,VV-VITA-413,0.0,0.0,2
BE,VV-VITA-414,0.0,0.0,4
BE,VV-VITA-415,,0.0,0
BE,VV-VITA-63,0.0,0.0,3
DE,2R-49NC-R697,1.862507,15287.46,8208
DE,5904569253561,,0.0,0
DE,98-VX35-DC63-Neu,4.711562,11006.21,2336
DE,9G-B3KH-DDA0-Neu,4.393899,1915.74,436
DE,A0-22PS-COWR,4.443827,4319.4,972
DE,BJ-E223-8EKW,2.884813,2157.84,748
DE,CP-DQMG-RVN9,1.541391,642.76,417
DE,CW-BID2-NFIP,2.91717,4833.75,1657
DE,CW-KVIN-V39Y,0.808378,119.64,148
DE,Immun-Intense-1er,3.2005,832.13,260
DE,KC-Parent-2026,,0.0,0
DE,NB-49AE-8MWZ,3.075109,5080.08,1652
DE,NX-CVPF-VCEZ,2.530873,318.89,126
DE,OD-MZWV-JBYL-Neu,2.487263,9832.15,3953
DE,OD-OAK8-N5TW-Neu,4.855154,6161.19,1269
DE,SKU-WT-WKPz,11.116857,1945.45,175
DE,SKU-WT-WMGz,5.647745,1553.13,275
DE,TU-QNYD-JRRX,2.539176,215.83,85
DE,UNKNOW,,0.0,0
DE,VI-ZU99-SZ0B,0.9155,54.93,60
DE,VMP_2R-49NC-R697_2_PK,,23.87,0
DE,VMP_VV-ALO-06_2_PK,,0.0,0
DE,VMP_VV-VITA-127_2_PK,,103.12,0
DE,VMP_VV-VITA-142_2_PK,,0.0,0
DE,VMP_VV-VITA-199_2_PK,,0.0,0
DE,VMP_VV-VITA-203_2_PK,,14.12,0
DE,VMP_VV-VITA-208_2_PK,,22.31,0
DE,VMP_VV-VITA-231_2_PK,,50.69,0
DE,VMP_VV-VITA-243_2_PK,,31.36,0
DE,VMP_VV-VITA-257_2_PK,,33.17,0
DE,VMP_VV-VITA-264_2_PK,,0.0,0
DE,VMP_VV-VITA-297_2_PK,,0.0,0
DE,VMP_VV-VITA-314_2_PK,,146.66,0
DE,VMP_VV-VITA-349_2_PK,,0.0,0
DE,VMP_VV-VITA-357_2_PK,,0.0,0
DE,VMP_VV-VITA-370_2_PK,,106.2,0
DE,VMP_VV-VITA-381_2_PK,,59.94,0
DE,VMP_VV-VITA-396_2_PK,,0.0,0
DE,VMP_VV-VITA-50_2_PK,,0.0,0
DE,VV-ALO-06,3.125842,2653.84,849
DE,VV-BUN-155+284,,0.0,0
DE,VV-BUN-173+155,,0.0,0
DE,VV-BUN-197+250,,0.0,0
DE,VV-BUN-250+101,,50.33,0
DE,VV-BUN-344+101,,6.32,0
DE,VV-BUN-63+VCEZ,,3.49,0
DE,VV-BUN-VCEZ+252,,0.0,0
DE,VV-VITA-02-V,,0.0,0
DE,VV-VITA-101,4.329751,4528.92,1046
DE,VV-VITA-102,0.857521,103.76,121
DE,VV-VITA-104,0.0,0.0,5
DE,VV-VITA-105,,0.0,0
DE,VV-VITA-106,0.905858,153.09,169
DE,VV-VITA-107,1.765952,1919.59,1087
DE,VV-VITA-109,1.698977,149.51,88
DE,VV-VITA-111,3.907273,214.9,55
DE,VV-VITA-115,,0.0,0
DE,VV-VITA-116,0.529663,188.56,356
DE,VV-VITA-119,2.902025,2507.35,864
DE,VV-VITA-121,3.253832,348.16,107
DE,VV-VITA-122,1.198171,98.25,82
DE,VV-VITA-122-V,1.077333,16.16,15
DE,VV-VITA-124,1.127308,58.62,52
DE,VV-VITA-127,2.403944,7875.32,3276
DE,VV-VITA-129,0.612685,66.17,108
DE,VV-VITA-136,5.152646,1324.23,257
DE,VV-VITA-142,1.321524,277.52,210
DE,VV-VITA-143,,0.0,0
DE,VV-VITA-146,1.468293,180.6,123
DE,VV-VITA-151,3.303318,2140.55,648
DE,VV-VITA-153,4.3972,219.86,50
DE,VV-VITA-155,0.824478,331.44,402
DE,VV-VITA-158,1.374341,281.74,205
DE,VV-VITA-159,0.920198,325.75,354
DE,VV-VITA-165,6.005,132.11,22
DE,VV-VITA-166,2.765385,107.85,39
DE,VV-VITA-168,5.147979,483.91,94
DE,VV-VITA-170,3.192753,3282.15,1028
DE,VV-VITA-171,1.714306,246.86,144
DE,VV-VITA-172,1.052188,134.68,128
DE,VV-VITA-173,0.981905,268.06,273
DE,VV-VITA-174,1.554035,354.32,228
DE,VV-VITA-181,1.67,10.02,6
DE,VV-VITA-183,3.158652,1850.97,586
DE,VV-VITA-186,1.098095,23.06,21
DE,VV-VITA-188,0.874198,141.62,162
DE,VV-VITA-189,1.366504,1067.24,781
DE,VV-VITA-190,3.12858,1013.66,324
DE,VV-VITA-197,3.15375,908.28,288
DE,VV-VITA-198,3.955047,423.19,107
DE,VV-VITA-198-V,0.986774,30.59,31
DE,VV-VITA-199,0.878945,241.71,275
DE,VV-VITA-200,,0.0,0
DE,VV-VITA-202,0.24364,60.91,250
DE,VV-VITA-203,2.723751,2606.63,957
DE,VV-VITA-204,1.838636,485.4,264
DE,VV-VITA-206,0.484044,174.74,361
DE,VV-VITA-207,2.003487,1741.03,869
DE,VV-VITA-208,2.060411,5865.99,2847
DE,VV-VITA-215,0.6916,17.29,25
DE,VV-VITA-216,2.394586,1503.8,628
DE,VV-VITA-222,16.880814,25101.77,1487
DE,VV-VITA-222-V,33.177481,4346.25,131
DE,VV-VITA-223,1.179526,248.88,211
DE,VV-VITA-224,1.676424,553.22,330
DE,VV-VITA-225,1.48,105.08,71
DE,VV-VITA-225-V,0.012759,0.37,29
DE,VV-VITA-227,1.336778,240.62,180
DE,VV-VITA-228,0.880388,181.36,206
DE,VV-VITA-230,2.940721,938.09,319
DE,VV-VITA-231,4.240523,5266.73,1242
DE,VV-VITA-237,1.620404,2127.59,1313
DE,VV-VITA-243,2.521921,2494.18,989
DE,VV-VITA-247,1.35791,513.29,378
DE,VV-VITA-248,4.106435,2660.97,648
DE,VV-VITA-248-V,2.060481,214.29,104
DE,VV-VITA-249,2.466009,1612.77,654
DE,VV-VITA-250,2.870936,1963.72,684
DE,VV-VITA-252,0.749281,125.13,167
DE,VV-VITA-256,4.00208,5502.86,1375
DE,VV-VITA-257,2.91743,3439.65,1179
DE,VV-VITA-258,0.867467,195.18,225
DE,VV-VITA-259,3.037901,492.14,162
DE,VV-VITA-262,0.514186,66.33,129
DE,VV-VITA-264,4.394492,1731.43,394
DE,VV-VITA-266,3.393503,1133.43,334
DE,VV-VITA-276,2.919327,1649.42,565
DE,VV-VITA-277,0.814907,88.01,108
DE,VV-VITA-284,2.193425,320.24,146
DE,VV-VITA-286,3.452676,245.14,71
DE,VV-VITA-287,1.57093,1182.91,753
DE,VV-VITA-295,,0.0,0
DE,VV-VITA-297,3.355179,654.26,195
DE,VV-VITA-298,2.601154,202.89,78
DE,VV-VITA-301,2.390394,303.58,127
DE,VV-VITA-303,1.209677,37.5,31
DE,VV-VITA-304,1.777776,951.11,535
DE,VV-VITA-307,,0.0,0
DE,VV-VITA-308,5.117521,598.75,117
DE,VV-VITA-31,3.177474,1220.15,384
DE,VV-VITA-310,1.428289,108.55,76
DE,VV-VITA-311,2.114039,649.01,307
DE,VV-VITA-313,2.093023,180.0,86
DE,VV-VITA-314,2.497511,12050.49,4825
DE,VV-VITA-316,3.025944,1410.09,466
DE,VV-VITA-317,3.412469,1395.7,409
DE,VV-VITA-318,1.584078,163.16,103
DE,VV-VITA-319,0.746032,47.0,63
DE,VV-VITA-320,5.081355,3338.45,657
DE,VV-VITA-320-V,1.503396,318.72,212
DE,VV-VITA-326,1.996435,946.31,474
DE,VV-VITA-329,0.916778,247.53,270
DE,VV-VITA-331,,0.0,0
DE,VV-VITA-333,2.327927,190.89,82
DE,VV-VITA-336,4.358532,1900.32,436
DE,VV-VITA-337,,0.0,0
DE,VV-VITA-338,1.784167,64.23,36
DE,VV-VITA-339,1.999937,1575.95,788
DE,VV-VITA-340,1.042308,13.55,13
DE,VV-VITA-341,1.452353,74.07,51
DE,VV-VITA-342,1.23881,52.03,42
DE,VV-VITA-343,,0.0,0
DE,VV-VITA-344,1.416232,97.72,69
DE,VV-VITA-345,6.897586,600.09,87
DE,VV-VITA-346,1.604767,138.01,86
DE,VV-VITA-349,1.081791,72.48,67
DE,VV-VITA-351,0.629375,40.28,64
DE,VV-VITA-352,2.542841,223.77,88
DE,VV-VITA-354,1.8027,1014.92,563
DE,VV-VITA-355,2.571883,1147.06,446
DE,VV-VITA-355-V,1.662745,169.6,102
DE,VV-VITA-356,0.039,0.39,10
DE,VV-VITA-357,3.227333,193.64,60
DE,VV-VITA-358,,0.0,0
DE,VV-VITA-359,1.1425,50.27,44
DE,VV-VITA-360,,0.0,0
DE,VV-VITA-361,3.475867,521.38,150
DE,VV-VITA-362,0.055,1.87,34
DE,VV-VITA-363,2.397556,323.67,135
DE,VV-VITA-363-V,0.100612,4.93,49
DE,VV-VITA-364,1.876262,1791.83,955
DE,VV-VITA-365,2.9074,145.37,50
DE,VV-VITA-366,3.658,347.51,95
DE,VV-VITA-367,0.038958,1.87,48
DE,VV-VITA-368,1.900253,150.12,79
DE,VV-VITA-369,4.47527,331.17,74
DE,VV-VITA-370,4.675269,6353.69,1359
DE,VV-VITA-370-V,1.329409,630.14,474
DE,VV-VITA-371,2.310726,573.06,248
DE,VV-VITA-372,0.325102,15.93,49
DE,VV-VITA-373,,0.0,0
DE,VV-VITA-374,11.8204,295.51,25
DE,VV-VITA-375,0.190323,5.9,31
DE,VV-VITA-376,2.355895,1434.74,609
DE,VV-VITA-377,2.243296,4260.02,1899
DE,VV-VITA-378,0.252929,25.04,99
DE,VV-VITA-379,1.147808,418.95,365
DE,VV-VITA-38,2.217273,146.34,66
DE,VV-VITA-380,0.150752,20.05,133
DE,VV-VITA-381,2.578178,9536.68,3699
DE,VV-VITA-382,5.511828,512.6,93
DE,VV-VITA-383,0.129167,4.65,36
DE,VV-VITA-384,0.721944,25.99,36
DE,VV-VITA-385,5.619306,1213.77,216
DE,VV-VITA-386,0.947647,16.11,17
DE,VV-VITA-387,2.615556,23.54,9
DE,VV-VITA-388,1.727008,421.39,244
DE,VV-VITA-39,0.564889,203.36,360
DE,VV-VITA-390,0.152308,3.96,26
DE,VV-VITA-391,2.681841,1048.6,391
DE,VV-VITA-392,2.686158,475.45,177
DE,VV-VITA-393,0.4575,3.66,8
DE,VV-VITA-394,0.619524,13.01,21
DE,VV-VITA-395,0.677368,38.61,57
DE,VV-VITA-396,3.030448,1218.24,402
DE,VV-VITA-397,1.694909,93.22,55
DE,VV-VITA-398,1.617544,92.2,57
DE,VV-VITA-399,0.0,0.0,2
DE,VV-VITA-400,0.0,0.0,5
DE,VV-VITA-401,1.28,28.16,22
DE,VV-VITA-402,3.087778,83.37,27
DE,VV-VITA-403,5.184968,3256.16,628
DE,VV-VITA-404,2.684677,166.45,62
DE,VV-VITA-405,22.92625,5685.71,248
DE,VV-VITA-407,6.561527,1331.99,203
DE,VV-VITA-408,11.681275,1191.49,102
DE,VV-VITA-409,17.227821,1343.77,78
DE,VV-VITA-410,1.145789,21.77,19
DE,VV-VITA-411,4.850462,315.28,65
DE,VV-VITA-412,7.082857,49.58,7
DE,VV-VITA-413,16.493,1154.51,70
DE,VV-VITA-414,15.263871,473.18,31
DE,VV-VITA-415,14.628108,541.24,37
DE,VV-VITA-417,4.201,588.14,140
DE,VV-VITA-422,10.572308,274.88,26
DE,VV-VITA-423,10.392222,280.59,27
DE,VV-VITA-46,2.915673,303.23,104
DE,VV-VITA-49,0.959884,248.61,259
DE,VV-VITA-49-V2,0.0,0.0,55
DE,VV-VITA-50,3.591927,783.04,218
DE,VV-VITA-57-V,0.630672,75.05,119
DE,VV-VITA-57-V2,0.878936,41.31,47
DE,VV-VITA-63,3.420136,502.76,147
DE,VV-VITA-86,6.406368,2927.71,457
DE,VV-VITA-88,1.99131,288.74,145
DE,VV-VITA-90,4.688335,5236.87,1117
DE,VV-VITA-93,2.252676,159.94,71
DE,VV-VITA-94,1.295882,66.09,51
ES,2R-49NC-R697,1.546022,991.0,641
ES,5904569253561,,0.0,0
ES,BJ-E223-8EKW,3.284591,722.61,220
ES,CP-DQMG-RVN9,0.0,0.0,44
ES,CW-KVIN-V39Y,0.046699,4.81,103
ES,EL-97EH-8SPW,,0.0,0
ES,LA-8OGG-A8EM,,0.0,0
ES,NX-CVPF-VCEZ,3.205836,900.84,281
ES,OD-MZWV-JBYL-Neu,,0.0,0
ES,PB-I1TE-M7SZ,,0.0,0
ES,T5-SR1L-UZBW,,0.0,0
ES,TU-QNYD-JRRX,2.291613,1505.59,657
ES,UNKNOW,,0.0,0
ES,VI-ZU99-SZ0B,2.391256,1066.5,446
ES,VMP_TU-QNYD-JRRX_2_PK,,0.0,0
ES,VMP_VV-VITA-121_2_PK,,0.0,0
ES,VMP_VV-VITA-171_2_PK,,0.0,0
ES,VMP_VV-VITA-250_2_PK,,0.0,0
ES,VMP_VV-VITA-298_2_PK,,0.0,0
ES,VMP_VV-VITA-365_2_PK,,0.0,0
ES,VV-ALO-06,1.6726,83.63,50
ES,VV-VITA-02,0.809333,121.4,150
ES,VV-VITA-101,2.76876,2098.72,758
ES,VV-VITA-102,0.160977,21.41,133
ES,VV-VITA-104,0.595798,194.23,326
ES,VV-VITA-105,1.370579,331.68,242
ES,VV-VITA-106,0.223226,20.76,93
ES,VV-VITA-107,1.980522,1782.47,900
ES,VV-VITA-109,0.0,0.0,92
ES,VV-VITA-111,4.245044,1944.23,458
ES,VV-VITA-115,,0.0,0
ES,VV-VITA-116,0.0,0.0,90
ES,VV-VITA-119,3.525575,1991.95,565
ES,VV-VITA-121,1.030658,454.52,441
ES,VV-VITA-122,0.1636,12.27,75
ES,VV-VITA-122-V,0.291818,6.42,22
ES,VV-VITA-124,0.125398,14.17,113
ES,VV-VITA-127,3.034531,3717.3,1225
ES,VV-VITA-129,0.436863,66.84,153
ES,VV-VITA-136,4.339846,3094.31,713
ES,VV-VITA-142,1.356991,432.88,319
ES,VV-VITA-143,0.090735,6.17,68
ES,VV-VITA-146,0.059506,4.82,81
ES,VV-VITA-151,3.427875,548.46,160
ES,VV-VITA-153,0.308143,21.57,70
ES,VV-VITA-155,1.827327,184.56,101
ES,VV-VITA-157,0.0,0.0,171
ES,VV-VITA-158,0.0,0.0,94
ES,VV-VITA-159,1.779968,551.79,310
ES,VV-VITA-165,2.618251,583.87,223
ES,VV-VITA-166,2.804158,849.66,303
ES,VV-VITA-168,0.0,0.0,27
ES,VV-VITA-170,0.0,0.0,31
ES,VV-VITA-171,1.901545,910.84,479
ES,VV-VITA-172,0.0,0.0,27
ES,VV-VITA-173,1.874434,414.25,221
ES,VV-VITA-174,0.421714,44.28,105
ES,VV-VITA-181,0.0,0.0,3
ES,VV-VITA-183,0.0,0.0,115
ES,VV-VITA-186,0.444483,25.78,58
ES,VV-VITA-188,0.422982,24.11,57
ES,VV-VITA-189,0.126207,3.66,29
ES,VV-VITA-190,0.0,0.0,79
ES,VV-VITA-197,0.0,0.0,190
ES,VV-VITA-198,0.0,0.0,82
ES,VV-VITA-198-V,0.0,0.0,26
ES,VV-VITA-199,0.0,0.0,51
ES,VV-VITA-200,,0.0,0
ES,VV-VITA-202,0.517442,44.5,86
ES,VV-VITA-203,3.503146,2862.07,817
ES,VV-VITA-204,0.0,0.0,37
ES,VV-VITA-206,0.0,0.0,153
ES,VV-VITA-207,2.7512,756.58,275
ES,VV-VITA-208,3.311718,751.76,227
ES,VV-VITA-215,1.222,6.11,5
ES,VV-VITA-216,0.0,0.0,171
ES,VV-VITA-222,0.0,0.0,63
ES,VV-VITA-222-V,0.0,0.0,3
ES,VV-VITA-223,3.025525,980.27,324
ES,VV-VITA-224,0.0,0.0,42
ES,VV-VITA-225,2.309245,122.39,53
ES,VV-VITA-225-V,1.498333,62.93,42
ES,VV-VITA-227,0.0,0.0,68
ES,VV-VITA-228,2.370181,523.81,221
ES,VV-VITA-230,4.099027,926.38,226
ES,VV-VITA-231,2.425774,1848.44,762
ES,VV-VITA-237,0.0,0.0,85
ES,VV-VITA-243,3.481746,7597.17,2182
ES,VV-VITA-247,1.945614,1109.0,570
ES,VV-VITA-248,3.944805,2331.38,591
ES,VV-VITA-248-V,8.004348,184.1,23
ES,VV-VITA-249,0.61963,66.92,108
ES,VV-VITA-250,2.118309,1453.16,686
ES,VV-VITA-252,0.290156,18.57,64
ES,VV-VITA-256,2.087639,601.24,288
ES,VV-VITA-257,0.24628,50.98,207
ES,VV-VITA-258,0.0,0.0,19
ES,VV-VITA-259,0.850083,102.01,120
ES,VV-VITA-262,0.0,0.0,24
ES,VV-VITA-264,0.947742,58.76,62
ES,VV-VITA-265,0.0,0.0,68
ES,VV-VITA-266,1.803342,663.63,368
ES,VV-VITA-274,3.534841,1109.94,314
ES,VV-VITA-276,0.941068,264.44,281
ES,VV-VITA-277,0.174925,35.16,201
ES,VV-VITA-284,0.507313,33.99,67
ES,VV-VITA-286,3.56603,2578.24,723
ES,VV-VITA-287,0.0,0.0,123
ES,VV-VITA-295,0.0,0.0,116
ES,VV-VITA-297,0.0,0.0,19
ES,VV-VITA-298,5.198394,2297.69,442
ES,VV-VITA-301,0.0,0.0,53
ES,VV-VITA-303,4.380856,819.22,187
ES,VV-VITA-304,0.0,0.0,220
ES,VV-VITA-307,0.0,0.0,156
ES,VV-VITA-308,0.0,0.0,37
ES,VV-VITA-31,0.0,0.0,58
ES,VV-VITA-310,0.0,0.0,63
ES,VV-VITA-311,1.754422,349.13,199
ES,VV-VITA-313,0.348874,80.59,231
ES,VV-VITA-314,2.173992,6191.53,2848
ES,VV-VITA-316,3.498307,661.18,189
ES,VV-VITA-317,3.679619,1350.42,367
ES,VV-VITA-318,0.044462,2.89,65
ES,VV-VITA-319,0.0,0.0,58
ES,VV-VITA-320,3.052671,845.59,277
ES,VV-VITA-320-V,1.078723,152.1,141
ES,VV-VITA-326,2.853211,311.0,109
ES,VV-VITA-329,3.09898,1245.79,402
ES,VV-VITA-331,,0.0,0
ES,VV-VITA-333,0.0,0.0,55
ES,VV-VITA-336,0.0,0.0,31
ES,VV-VITA-337,,0.0,0
ES,VV-VITA-338,0.0,0.0,71
ES,VV-VITA-339,3.038797,884.29,291
ES,VV-VITA-340,0.013659,0.56,41
ES,VV-VITA-341,0.129922,16.63,128
ES,VV-VITA-342,0.434483,12.6,29
ES,VV-VITA-344,0.0,0.0,77
ES,VV-VITA-345,0.0,0.0,40
ES,VV-VITA-346,0.648276,37.6,58
ES,VV-VITA-349,0.0,0.0,42
ES,VV-VITA-351,0.025273,1.39,55
ES,VV-VITA-352,0.0,0.0,44
ES,VV-VITA-354,0.088667,5.32,60
ES,VV-VITA-355,3.601792,1246.22,346
ES,VV-VITA-355-V,2.559608,130.54,51
ES,VV-VITA-356,0.0,0.0,24
ES,VV-VITA-357,0.0,0.0,14
ES,VV-VITA-358,,0.0,0
ES,VV-VITA-359,0.0,0.0,40
ES,VV-VITA-360,,0.0,0
ES,VV-VITA-361,2.353641,458.96,195
ES,VV-VITA-362,0.118647,15.78,133
ES,VV-VITA-363,4.710355,796.05,169
ES,VV-VITA-363-V,0.0,0.0,49
ES,VV-VITA-364,2.433635,1613.5,663
ES,VV-VITA-365,5.600839,1736.26,310
ES,VV-VITA-366,0.0,0.0,84
ES,VV-VITA-367,0.0,0.0,52
ES,VV-VITA-368,0.0,0.0,15
ES,VV-VITA-369,0.0,0.0,4
ES,VV-VITA-370,5.873465,4610.67,785
ES,VV-VITA-370-V,2.33875,841.95,360
ES,VV-VITA-371,0.0,0.0,42
ES,VV-VITA-372,5.534823,1250.87,226
ES,VV-VITA-373,,0.0,0
ES,VV-VITA-374,0.0,0.0,162
ES,VV-VITA-375,0.0,0.0,24
ES,VV-VITA-376,3.794045,337.67,89
ES,VV-VITA-377,0.0,0.0,61
ES,VV-VITA-378,0.0,0.0,96
ES,VV-VITA-379,0.0,0.0,82
ES,VV-VITA-38,0.253,20.24,80
ES,VV-VITA-380,0.0,0.0,52
ES,VV-VITA-381,1.802042,1297.47,720
ES,VV-VITA-382,0.0,0.0,4
ES,VV-VITA-383,0.0,0.0,18
ES,VV-VITA-384,0.0,0.0,2
ES,VV-VITA-385,0.0,0.0,40
ES,VV-VITA-386,1.787778,16.09,9
ES,VV-VITA-387,0.8375,10.05,12
ES,VV-VITA-388,4.293456,583.91,136
ES,VV-VITA-389,6.180031,2008.51,325
ES,VV-VITA-39,1.929313,1348.59,699
ES,VV-VITA-390,0.0,0.0,11
ES,VV-VITA-391,3.358662,527.31,157
ES,VV-VITA-392,2.784334,899.34,323
ES,VV-VITA-393,,0.0,0
ES,VV-VITA-394,0.0,0.0,29
ES,VV-VITA-395,4.298632,502.94,117
ES,VV-VITA-396,3.969,436.59,110
ES,VV-VITA-397,2.021935,125.36,62
ES,VV-VITA-398,1.685833,80.92,48
ES,VV-VITA-399,7.827778,352.25,45
ES,VV-VITA-400,8.825,176.5,20
ES,VV-VITA-401,7.451026,581.18,78
ES,VV-VITA-402,7.526596,1061.25,141
ES,VV-VITA-403,2.023258,267.07,132
ES,VV-VITA-404,3.787517,564.34,149
ES,VV-VITA-406,0.0,0.0,12
ES,VV-VITA-407,,0.0,0
ES,VV-VITA-408,11.6966,1754.49,150
ES,VV-VITA-409,11.97875,383.32,32
ES,VV-VITA-410,17.053077,221.69,13
ES,VV-VITA-411,18.168372,781.24,43
ES,VV-VITA-412,8.693043,199.94,23
ES,VV-VITA-413,11.202453,1187.46,106
ES,VV-VITA-414,9.862941,335.34,34
ES,VV-VITA-415,17.959,179.59,10
ES,VV-VITA-417,7.401867,555.14,75
ES,VV-VITA-422,7.4485,148.97,20
ES,VV-VITA-423,5.443158,103.42,19
ES,VV-VITA-46,0.0,0.0,98
ES,VV-VITA-49,0.071375,5.71,80
ES,VV-VITA-49-V,,0.0,0
ES,VV-VITA-49-V2,0.0,0.0,42
ES,VV-VITA-50,0.0,0.0,58
ES,VV-VITA-57-V,0.025192,1.31,52
ES,VV-VITA-57-V2,0.067872,3.19,47
ES,VV-VITA-63,0.039034,5.66,145
ES,VV-VITA-86,3.733415,1224.56,328
ES,VV-VITA-88,0.068333,4.1,60
ES,VV-VITA-90,3.486972,875.23,251
ES,VV-VITA-93,2.218333,13.31,6
ES,VV-VITA-94,1.055,73.85,70
FR,2R-49NC-R697,4.003987,632.63,158
FR,5904569253561,,0.0,0
FR,98-VX35-DC63-Neu,,0.0,0
FR,9G-B3KH-DDA0-Neu,,0.0,0
FR,BJ-E223-8EKW,3.474261,1011.01,291
FR,CP-DQMG-RVN9,1.001515,33.05,33
FR,CW-KVIN-V39Y,1.152222,72.59,63
FR,NX-CVPF-VCEZ,4.449474,84.54,19
FR,OD-MZWV-JBYL-Neu,,0.0,0
FR,OD-OAK8-N5TW-Neu,,0.0,0
FR,SKU-WT-WKPz,,0.0,0
FR,SKU-WT-WMGz,,0.0,0
FR,TU-QNYD-JRRX,3.407509,3816.41,1120
FR,UNKNOW,,0.0,0
FR,VI-ZU99-SZ0B,1.236167,148.34,120
FR,VMP_TU-QNYD-JRRX_2_PK,,0.0,0
FR,VMP_VV-VITA-101_2_PK,,0.44,0
FR,VMP_VV-VITA-105_2_PK,,0.0,0
FR,VMP_VV-VITA-107_2_PK,,0.0,0
FR,VMP_VV-VITA-129_2_PK,,0.0,0
FR,VMP_VV-VITA-225_2_PK,,0.0,0
FR,VMP_VV-VITA-230_2_PK,,0.0,0
FR,VMP_VV-VITA-314_2_PK,,0.1,0
FR,VMP_VV-VITA-346_2_PK,,0.0,0
FR,VMP_VV-VITA-355-V_2_PK,,0.0,0
FR,VMP_VV-VITA-375_2_PK,,0.0,0
FR,VMP_VV-VITA-383_2_PK,,0.0,0
FR,VMP_VV-VITA-392_2_PK,,0.0,0
FR,VMP_VV-VITA-93_2_PK,,0.0,0
FR,VV-ALO-06,2.46757,264.03,107
FR,VV-BUN-344+101,,8.89,0
FR,VV-BUN-63+VCEZ,,1.51,0
FR,VV-VITA-02,5.702583,1898.96,333
FR,VV-VITA-02-V,,0.0,0
FR,VV-VITA-101,4.140292,4678.53,1130
FR,VV-VITA-102,4.647352,2895.3,623
FR,VV-VITA-104,1.579826,271.73,172
FR,VV-VITA-105,4.294338,3602.95,839
FR,VV-VITA-106,3.014146,123.58,41
FR,VV-VITA-107,2.970717,953.6,321
FR,VV-VITA-109,1.332824,514.47,386
FR,VV-VITA-111,10.060185,1629.75,162
FR,VV-VITA-115,,0.0,0
FR,VV-VITA-116,2.419748,384.74,159
FR,VV-VITA-119,1.234302,220.94,179
FR,VV-VITA-121,6.543839,2113.66,323
FR,VV-VITA-122,5.298364,291.41,55
FR,VV-VITA-122-V,2.53625,81.16,32
FR,VV-VITA-124,2.474811,262.33,106
FR,VV-VITA-127,4.169602,4090.38,981
FR,VV-VITA-129,1.833447,484.03,264
FR,VV-VITA-136,4.659897,452.01,97
FR,VV-VITA-142,4.183419,1137.89,272
FR,VV-VITA-143,3.175377,336.59,106
FR,VV-VITA-146,5.94202,588.26,99
FR,VV-VITA-151,12.07727,4070.04,337
FR,VV-VITA-153,6.309189,700.32,111
FR,VV-VITA-155,1.508681,354.54,235
FR,VV-VITA-157,2.273644,561.59,247
FR,VV-VITA-158,1.563939,51.61,33
FR,VV-VITA-159,2.005781,128.37,64
FR,VV-VITA-165,3.244206,347.13,107
FR,VV-VITA-166,1.930814,166.05,86
FR,VV-VITA-168,3.175556,85.74,27
FR,VV-VITA-170,,0.0,0
FR,VV-VITA-171,0.942667,127.26,135
FR,VV-VITA-172,1.5025,90.15,60
FR,VV-VITA-173,2.109626,451.46,214
FR,VV-VITA-174,1.689561,192.61,114
FR,VV-VITA-181,7.49,7.49,1
FR,VV-VITA-183,0.0,0.0,28
FR,VV-VITA-186,7.808095,655.88,84
FR,VV-VITA-188,3.018598,322.99,107
FR,VV-VITA-189,8.5875,68.7,8
FR,VV-VITA-190,2.406604,127.55,53
FR,VV-VITA-197,2.035811,301.3,148
FR,VV-VITA-198,5.162811,1285.54,249
FR,VV-VITA-198-V,0.0,0.0,35
FR,VV-VITA-199,3.10082,378.3,122
FR,VV-VITA-202,1.909406,192.85,101
FR,VV-VITA-203,3.072656,983.25,320
FR,VV-VITA-204,6.116875,97.87,16
FR,VV-VITA-206,2.61125,250.68,96
FR,VV-VITA-207,1.877081,392.31,209
FR,VV-VITA-208,3.306667,505.92,153
FR,VV-VITA-215,0.0,0.0,1
FR,VV-VITA-216,3.979665,3796.6,954
FR,VV-VITA-222,8.554023,5123.86,599
FR,VV-VITA-222-V,2.947647,150.33,51
FR,VV-VITA-223,2.506414,363.43,145
FR,VV-VITA-224,4.84899,480.05,99
FR,VV-VITA-225,7.914741,1986.6,251
FR,VV-VITA-225-V,0.572778,10.31,18
FR,VV-VITA-227,2.685319,757.26,282
FR,VV-VITA-228,4.921322,595.48,121
FR,VV-VITA-230,7.637769,3696.68,484
FR,VV-VITA-231,6.721934,6291.73,936
FR,VV-VITA-237,1.130323,105.12,93
FR,VV-VITA-243,2.745666,886.85,323
FR,VV-VITA-247,2.869765,243.93,85
FR,VV-VITA-248,5.291841,1465.84,277
FR,VV-VITA-248-V,3.735882,63.51,17
FR,VV-VITA-249,1.968833,236.26,120
FR,VV-VITA-250,3.143082,1335.81,425
FR,VV-VITA-252,2.797021,525.84,188
FR,VV-VITA-256,6.026971,2905.0,482
FR,VV-VITA-257,0.868583,220.62,254
FR,VV-VITA-258,1.099,43.96,40
FR,VV-VITA-259,3.424118,349.26,102
FR,VV-VITA-262,0.0,0.0,31
FR,VV-VITA-264,2.289416,352.57,154
FR,VV-VITA-265,2.52,10.08,4
FR,VV-VITA-266,4.27036,593.58,139
FR,VV-VITA-274,5.400877,307.85,57
FR,VV-VITA-276,3.038529,413.24,136
FR,VV-VITA-277,1.124,151.74,135
FR,VV-VITA-284,2.211774,274.26,124
FR,VV-VITA-286,5.154625,2128.86,413
FR,VV-VITA-287,0.0,0.0,42
FR,VV-VITA-295,3.726224,898.02,241
FR,VV-VITA-297,4.344231,112.95,26
FR,VV-VITA-298,4.427294,376.32,85
FR,VV-VITA-301,3.757407,405.8,108
FR,VV-VITA-303,0.0,0.0,58
FR,VV-VITA-304,1.138472,260.71,229
FR,VV-VITA-307,3.721333,279.1,75
FR,VV-VITA-308,4.67,322.23,69
FR,VV-VITA-31,4.507941,153.27,34
FR,VV-VITA-310,0.991176,33.7,34
FR,VV-VITA-311,4.473263,1919.03,429
FR,VV-VITA-313,2.98948,804.17,269
FR,VV-VITA-314,3.719498,4664.25,1254
FR,VV-VITA-316,2.345486,602.79,257
FR,VV-VITA-317,0.2142,10.71,50
FR,VV-VITA-318,1.335982,292.58,219
FR,VV-VITA-319,0.893867,67.04,75
FR,VV-VITA-320,0.796605,129.05,162
FR,VV-VITA-320-V,0.158974,6.2,39
FR,VV-VITA-326,3.410266,641.13,188
FR,VV-VITA-327,,0.0,0
FR,VV-VITA-329,4.438719,901.06,203
FR,VV-VITA-331,,0.0,0
FR,VV-VITA-333,2.153433,144.28,67
FR,VV-VITA-336,2.471383,857.57,347
FR,VV-VITA-338,2.158182,94.96,44
FR,VV-VITA-339,6.503402,3173.66,488
FR,VV-VITA-340,5.390417,129.37,24
FR,VV-VITA-341,3.604324,133.36,37
FR,VV-VITA-342,4.292326,184.57,43
FR,VV-VITA-343,,0.0,0
FR,VV-VITA-344,7.284,291.36,40
FR,VV-VITA-345,5.202,1222.47,235
FR,VV-VITA-346,2.750438,376.81,137
FR,VV-VITA-349,0.0,0.0,31
FR,VV-VITA-350,,0.0,0
FR,VV-VITA-351,2.575472,136.5,53
FR,VV-VITA-352,2.221111,99.95,45
FR,VV-VITA-354,3.47127,656.07,189
FR,VV-VITA-355,9.307467,4262.82,458
FR,VV-VITA-355-V,0.726897,84.32,116
FR,VV-VITA-356,2.245,8.98,4
FR,VV-VITA-357,3.049747,240.93,79
FR,VV-VITA-358,,0.0,0
FR,VV-VITA-359,0.0,0.0,24
FR,VV-VITA-360,,0.0,0
FR,VV-VITA-361,10.141667,547.65,54
FR,VV-VITA-362,3.117407,168.34,54
FR,VV-VITA-363,2.697978,240.12,89
FR,VV-VITA-363-V,2.51963,68.03,27
FR,VV-VITA-364,3.541394,2209.83,624
FR,VV-VITA-365,0.0,0.0,19
FR,VV-VITA-366,4.542759,263.48,58
FR,VV-VITA-367,1.239565,28.51,23
FR,VV-VITA-368,4.1425,82.85,20
FR,VV-VITA-369,0.0,0.0,13
FR,VV-VITA-370,5.121464,8568.21,1673
FR,VV-VITA-370-V,0.632418,230.2,364
FR,VV-VITA-371,4.001852,216.1,54
FR,VV-VITA-372,,0.0,0
FR,VV-VITA-373,,0.0,0
FR,VV-VITA-374,12.711176,216.09,17
FR,VV-VITA-375,5.464118,92.89,17
FR,VV-VITA-376,3.427484,2166.17,632
FR,VV-VITA-377,3.317576,328.44,99
FR,VV-VITA-378,3.185366,261.2,82
FR,VV-VITA-379,2.581524,271.06,105
FR,VV-VITA-38,4.513333,230.18,51
FR,VV-VITA-380,9.2575,74.06,8
FR,VV-VITA-381,1.703265,333.84,196
FR,VV-VITA-382,4.021071,337.77,84
FR,VV-VITA-383,7.473636,82.21,11
FR,VV-VITA-384,5.584286,39.09,7
FR,VV-VITA-385,8.969341,816.21,91
FR,VV-VITA-386,12.84,77.04,6
FR,VV-VITA-387,6.844,34.22,5
FR,VV-VITA-388,13.687455,752.81,55
FR,VV-VITA-389,6.479392,2559.36,395
FR,VV-VITA-39,1.68557,266.32,158
FR,VV-VITA-390,9.217667,276.53,30
FR,VV-VITA-391,4.670714,850.07,182
FR,VV-VITA-392,4.833667,290.02,60
FR,VV-VITA-393,4.236667,12.71,3
FR,VV-VITA-394,3.84625,61.54,16
FR,VV-VITA-395,8.223613,1570.71,191
FR,VV-VITA-396,2.245909,49.41,22
FR,VV-VITA-397,16.206667,48.62,3
FR,VV-VITA-398,9.601724,278.45,29
FR,VV-VITA-399,0.0,0.0,17
FR,VV-VITA-401,2.349412,39.94,17
FR,VV-VITA-402,6.616667,258.05,39
FR,VV-VITA-404,3.130225,278.59,89
FR,VV-VITA-406,5.735,22.94,4
FR,VV-VITA-408,6.303485,416.03,66
FR,VV-VITA-409,8.830952,370.9,42
FR,VV-VITA-410,0.0,0.0,10
FR,VV-VITA-411,7.840617,635.09,81
FR,VV-VITA-412,5.562308,144.62,26
FR,VV-VITA-413,4.687123,342.16,73
FR,VV-VITA-414,4.416364,145.74,33
FR,VV-VITA-415,6.928462,90.07,13
FR,VV-VITA-417,6.035652,138.82,23
FR,VV-VITA-422,1.926154,25.04,13
FR,VV-VITA-423,1.897059,32.25,17
FR,VV-VITA-46,3.822289,317.25,83
FR,VV-VITA-50,2.577436,201.04,78
FR,VV-VITA-57-V,1.135789,21.58,19
FR,VV-VITA-57-V2,4.357391,100.22,23
FR,VV-VITA-63,2.79,351.54,126
FR,VV-VITA-86,2.266623,523.59,231
FR,VV-VITA-88,3.445735,234.31,68
FR,VV-VITA-90,4.045722,1428.14,353
FR,VV-VITA-93,1.563939,51.61,33
FR,VV-VITA-94,5.819649,331.72,57
GB,2R-49NC-R697,3.772566,3455.67,916
GB,BJ-E223-8EKW,6.947454,4119.84,593
GB,CW-KVIN-V39Y,2.647905,1175.67,444
GB,NX-CVPF-VCEZ,3.194978,738.04,231
GB,TU-QNYD-JRRX,1.848596,316.11,171
GB,UNKNOW,,0.0,0
GB,VMP_VV-VITA-119_2_PK,,8.66,0
GB,VV-ALO-06,7.302118,1862.04,255
GB,VV-VITA-101,4.88132,4363.9,894
GB,VV-VITA-102,2.507488,529.08,211
GB,VV-VITA-105,2.271094,290.7,128
GB,VV-VITA-106,1.977756,617.06,312
GB,VV-VITA-107,2.970449,463.39,156
GB,VV-VITA-109,2.308272,186.97,81
GB,VV-VITA-111,3.302105,62.74,19
GB,VV-VITA-115,5.18125,41.45,8
GB,VV-VITA-116,1.827228,520.76,285
GB,VV-VITA-119,4.550607,3071.66,675
GB,VV-VITA-124,1.171103,308.0,263
GB,VV-VITA-127,4.6319,5729.66,1237
GB,VV-VITA-129,0.770122,63.15,82
GB,VV-VITA-136,,0.0,0
GB,VV-VITA-146,4.354052,1010.14,232
GB,VV-VITA-153,3.078649,113.91,37
GB,VV-VITA-155,2.795843,248.83,89
GB,VV-VITA-157,1.104823,437.51,396
GB,VV-VITA-158,1.967634,182.99,93
GB,VV-VITA-159,3.022377,368.73,122
GB,VV-VITA-160,0.0,0.0,21
GB,VV-VITA-165,1.628077,84.66,52
GB,VV-VITA-166,2.115754,533.17,252
GB,VV-VITA-168,13.041,782.46,60
GB,VV-VITA-170,1.632674,445.72,273
GB,VV-VITA-171,2.569667,154.18,60
GB,VV-VITA-172,2.39127,150.65,63
GB,VV-VITA-173,6.010469,769.34,128
GB,VV-VITA-174,2.025224,407.07,201
GB,VV-VITA-183,4.194121,1669.26,398
GB,VV-VITA-186,5.164369,531.93,103
GB,VV-VITA-188,1.604314,490.92,306
GB,VV-VITA-189,1.638696,37.69,23
GB,VV-VITA-190,1.808125,86.79,48
GB,VV-VITA-197,2.17888,272.36,125
GB,VV-VITA-198,4.419928,609.95,138
GB,VV-VITA-198-V,3.219259,86.92,27
GB,VV-VITA-202,2.771468,604.18,218
GB,VV-VITA-204,0.861923,67.23,78
GB,VV-VITA-206,2.943557,1183.31,402
GB,VV-VITA-208,3.770184,1436.44,381
GB,VV-VITA-215,1.714216,174.85,102
GB,VV-VITA-216,5.916926,1751.41,296
GB,VV-VITA-222,6.622249,1119.16,169
GB,VV-VITA-222-V,37.466667,224.8,6
GB,VV-VITA-223,2.4875,179.1,72
GB,VV-VITA-224,1.75028,187.28,107
GB,VV-VITA-225,3.496667,62.94,18
GB,VV-VITA-225-V,4.525,9.05,2
GB,VV-VITA-227,1.900476,159.64,84
GB,VV-VITA-228,3.270692,425.19,130
GB,VV-VITA-230,5.829598,3480.27,597
GB,VV-VITA-231,7.640198,2314.98,303
GB,VV-VITA-237,5.753304,1323.26,230
GB,VV-VITA-243,1.253564,235.67,188
GB,VV-VITA-247,9.285229,1012.09,109
GB,VV-VITA-248,6.116918,2838.25,464
GB,VV-VITA-248-V,12.67,304.08,24
GB,VV-VITA-249,2.792405,220.6,79
GB,VV-VITA-250,4.832362,1493.2,309
GB,VV-VITA-252,4.047949,157.87,39
GB,VV-VITA-256,4.260356,3233.61,759
GB,VV-VITA-257,2.628596,1535.1,584
GB,VV-VITA-258,1.80623,110.18,61
GB,VV-VITA-259,6.84925,273.97,40
GB,VV-VITA-262,4.481447,340.59,76
GB,VV-VITA-264,3.001591,132.07,44
GB,VV-VITA-265,1.888,9.44,5
GB,VV-VITA-266,7.194895,1028.87,143
GB,VV-VITA-274,5.998947,227.96,38
GB,VV-VITA-276,5.275913,4104.66,778
GB,VV-VITA-277,1.595262,579.08,363
GB,VV-VITA-284,1.401324,95.29,68
GB,VV-VITA-287,2.002584,356.46,178
GB,VV-VITA-295,6.526774,1011.65,155
GB,VV-VITA-297,11.874903,1840.61,155
GB,VV-VITA-298,8.879091,195.34,22
GB,VV-VITA-301,0.5805,11.61,20
GB,VV-VITA-304,0.796364,43.8,55
GB,VV-VITA-308,5.232581,324.42,62
GB,VV-VITA-31,2.118284,432.13,204
GB,VV-VITA-310,5.393333,226.52,42
GB,VV-VITA-311,1.488241,431.59,290
GB,VV-VITA-313,3.407349,1465.16,430
GB,VV-VITA-314,4.045167,5440.75,1345
GB,VV-VITA-316,3.254876,393.84,121
GB,VV-VITA-317,4.544734,1622.47,357
GB,VV-VITA-318,1.443714,101.06,70
GB,VV-VITA-319,2.489714,87.14,35
GB,VV-VITA-320,2.665117,911.47,342
GB,VV-VITA-320-V,2.2375,125.3,56
GB,VV-VITA-326,4.607523,502.22,109
GB,VV-VITA-327,,0.0,0
GB,VV-VITA-329,2.139966,629.15,294
GB,VV-VITA-331,,0.0,0
GB,VV-VITA-333,5.5355,221.42,40
GB,VV-VITA-336,2.315057,201.41,87
GB,VV-VITA-337,,0.0,0
GB,VV-VITA-338,1.629474,92.88,57
GB,VV-VITA-339,3.524017,1254.55,356
GB,VV-VITA-340,9.177391,211.08,23
GB,VV-VITA-341,1.390962,144.66,104
GB,VV-VITA-342,4.220625,202.59,48
GB,VV-VITA-343,,0.0,0
GB,VV-VITA-344,0.844046,110.57,131
GB,VV-VITA-345,0.229024,9.39,41
GB,VV-VITA-346,2.703083,324.37,120
GB,VV-VITA-348,,0.0,0
GB,VV-VITA-349,5.702609,393.48,69
GB,VV-VITA-351,2.758889,248.3,90
GB,VV-VITA-352,2.185745,102.73,47
GB,VV-VITA-353,3.212949,1699.65,529
GB,VV-VITA-354,4.184615,163.2,39
GB,VV-VITA-355,6.273832,1047.73,167
GB,VV-VITA-355-V,6.464444,58.18,9
GB,VV-VITA-356,4.379032,135.75,31
GB,VV-VITA-357,,0.0,0
GB,VV-VITA-358,,0.0,0
GB,VV-VITA-359,0.870385,22.63,26
GB,VV-VITA-360,,0.0,0
GB,VV-VITA-361,2.992903,92.78,31
GB,VV-VITA-363,3.814545,167.84,44
GB,VV-VITA-363-V,2.745714,19.22,7
GB,VV-VITA-364,3.847658,3285.9,854
GB,VV-VITA-365,1.925769,50.07,26
GB,VV-VITA-366,2.179203,546.98,251
GB,VV-VITA-367,1.940513,151.36,78
GB,VV-VITA-368,4.539508,553.82,122
GB,VV-VITA-369,3.861951,316.68,82
GB,VV-VITA-370,0.994562,329.2,331
GB,VV-VITA-370-V,0.029489,4.04,137
GB,VV-VITA-371,1.719921,433.42,252
GB,VV-VITA-372,5.922146,1379.86,233
GB,VV-VITA-374,8.224213,1620.17,197
GB,VV-VITA-375,6.696875,107.15,16
GB,VV-VITA-376,2.348796,253.67,108
GB,VV-VITA-377,4.453298,1269.19,285
GB,VV-VITA-378,3.426545,654.47,191
GB,VV-VITA-379,1.460197,443.9,304
GB,VV-VITA-38,3.292162,121.81,37
GB,VV-VITA-380,6.257273,137.66,22
GB,VV-VITA-381,5.076992,1974.95,389
GB,VV-VITA-382,6.069765,1031.86,170
GB,VV-VITA-383,1.398824,23.78,17
GB,VV-VITA-384,4.02871,124.89,31
GB,VV-VITA-385,3.952,217.36,55
GB,VV-VITA-386,6.856,137.12,20
GB,VV-VITA-387,16.828333,100.97,6
GB,VV-VITA-388,4.311892,1595.4,370
GB,VV-VITA-389,,0.0,0
GB,VV-VITA-39,4.261667,383.55,90
GB,VV-VITA-390,3.641618,247.63,68
GB,VV-VITA-391,4.549917,550.54,121
GB,VV-VITA-393,7.05,42.3,6
GB,VV-VITA-394,9.799444,176.39,18
GB,VV-VITA-395,6.882549,351.01,51
GB,VV-VITA-396,5.009124,1943.54,388
GB,VV-VITA-397,2.73,54.6,20
GB,VV-VITA-398,3.8264,95.66,25
GB,VV-VITA-399,2.73512,341.89,125
GB,VV-VITA-402,10.619048,223.0,21
GB,VV-VITA-403,0.954206,204.2,214
GB,VV-VITA-406,1.047812,33.53,32
GB,VV-VITA-407,22.55,45.1,2
GB,VV-VITA-408,12.642857,177.0,14
GB,VV-VITA-409,0.8475,6.78,8
GB,VV-VITA-410,1.501053,57.04,38
GB,VV-VITA-411,8.054839,249.7,31
GB,VV-VITA-412,0.0,0.0,16
GB,VV-VITA-413,0.0,0.0,24
GB,VV-VITA-414,,0.0,0
GB,VV-VITA-417,2.362308,30.71,13
GB,VV-VITA-422,0.0,0.0,10
GB,VV-VITA-423,0.0,0.0,10
GB,VV-VITA-46,1.821429,153.0,84
GB,VV-VITA-49,1.021778,45.98,45
GB,VV-VITA-49-V2,0.0,0.0,39
GB,VV-VITA-50,6.850651,1788.02,261
GB,VV-VITA-57-V,1.712754,118.18,69
GB,VV-VITA-57-V2,3.4,234.6,69
GB,VV-VITA-63,2.688628,744.75,277
GB,VV-VITA-86,5.728703,2297.21,401
GB,VV-VITA-88,5.646905,1970.77,349
GB,VV-VITA-90,8.122064,10111.97,1245
GB,VV-VITA-93,3.08,6.16,2
GB,VV-VITA-94,2.955,165.48,56
IE,2R-49NC-R697,0.265,13.25,50
IE,BJ-E223-8EKW,4.075217,93.73,23
IE,CP-DQMG-RVN9,2.8775,11.51,4
IE,CW-KVIN-V39Y,0.6495,12.99,20
IE,NX-CVPF-VCEZ,2.354,11.77,5
IE,SKU-WT-WKPz,,0.0,0
IE,VI-ZU99-SZ0B,1.905,45.72,24
IE,VV-ALO-06,0.772105,14.67,19
IE,VV-VITA-02,4.217778,37.96,9
IE,VV-VITA-101,3.175088,180.98,57
IE,VV-VITA-105,1.697391,39.04,23
IE,VV-VITA-106,1.169524,24.56,21
IE,VV-VITA-107,0.424737,8.07,19
IE,VV-VITA-111,4.959167,119.02,24
IE,VV-VITA-116,2.627308,68.31,26
IE,VV-VITA-119,4.706071,263.54,56
IE,VV-VITA-121,9.825,19.65,2
IE,VV-VITA-124,2.542857,53.4,21
IE,VV-VITA-127,0.687842,95.61,139
IE,VV-VITA-129,0.57,10.26,18
IE,VV-VITA-143,7.097778,63.88,9
IE,VV-VITA-146,6.301562,201.65,32
IE,VV-VITA-153,6.5872,164.68,25
IE,VV-VITA-155,3.4175,27.34,8
IE,VV-VITA-157,0.278667,4.18,15
IE,VV-VITA-158,2.46125,19.69,8
IE,VV-VITA-159,3.526667,52.9,15
IE,VV-VITA-165,2.432381,51.08,21
IE,VV-VITA-166,0.686774,21.29,31
IE,VV-VITA-168,3.5475,56.76,16
IE,VV-VITA-170,0.628163,30.78,49
IE,VV-VITA-171,1.927778,34.7,18
IE,VV-VITA-172,1.335,2.67,2
IE,VV-VITA-173,1.823818,100.31,55
IE,VV-VITA-174,0.695455,7.65,11
IE,VV-VITA-181,,0.0,0
IE,VV-VITA-183,0.3292,8.23,25
IE,VV-VITA-186,4.876,24.38,5
IE,VV-VITA-188,0.655714,13.77,21
IE,VV-VITA-189,,1.05,0
IE,VV-VITA-190,0.04,0.04,1
IE,VV-VITA-197,0.776,7.76,10
IE,VV-VITA-198,0.794286,16.68,21
IE,VV-VITA-198-V,7.24,14.48,2
IE,VV-VITA-199,7.47,7.47,1
IE,VV-VITA-202,1.752,17.52,10
IE,VV-VITA-203,2.443171,200.34,82
IE,VV-VITA-207,0.126667,1.52,12
IE,VV-VITA-208,1.240556,22.33,18
IE,VV-VITA-215,,0.0,0
IE,VV-VITA-216,0.960667,28.82,30
IE,VV-VITA-222,0.832941,28.32,34
IE,VV-VITA-222-V,2.081818,22.9,11
IE,VV-VITA-223,4.12098,210.17,51
IE,VV-VITA-224,3.9475,31.58,8
IE,VV-VITA-225,0.0,0.0,5
IE,VV-VITA-225-V,6.24,12.48,2
IE,VV-VITA-227,17.6,35.2,2
IE,VV-VITA-228,7.6,197.6,26
IE,VV-VITA-230,7.187073,589.34,82
IE,VV-VITA-231,3.140989,285.83,91
IE,VV-VITA-237,2.566364,28.23,11
IE,VV-VITA-243,8.634667,259.04,30
IE,VV-VITA-247,7.495385,97.44,13
IE,VV-VITA-248,1.410256,55.0,39
IE,VV-VITA-248-V,3.6675,29.34,8
IE,VV-VITA-250,2.434375,38.95,16
IE,VV-VITA-252,4.125,8.25,2
IE,VV-VITA-256,1.825682,80.33,44
IE,VV-VITA-257,0.462429,32.37,70
IE,VV-VITA-258,3.945556,35.51,9
IE,VV-VITA-259,11.2575,45.03,4
IE,VV-VITA-262,1.128182,12.41,11
IE,VV-VITA-264,,1.22,0
IE,VV-VITA-266,,0.0,0
IE,VV-VITA-277,3.53125,28.25,8
IE,VV-VITA-284,1.808,9.04,5
IE,VV-VITA-287,0.741818,16.32,22
IE,VV-VITA-295,9.143333,27.43,3
IE,VV-VITA-297,5.796667,52.17,9
IE,VV-VITA-301,4.707838,174.19,37
IE,VV-VITA-304,2.286452,70.88,31
IE,VV-VITA-307,6.43,12.86,2
IE,VV-VITA-308,3.901429,109.24,28
IE,VV-VITA-31,0.238333,1.43,6
IE,VV-VITA-310,0.368182,4.05,11
IE,VV-VITA-311,2.604851,263.09,101
IE,VV-VITA-313,2.518333,30.22,12
IE,VV-VITA-314,1.501293,174.15,116
IE,VV-VITA-316,0.307778,5.54,18
IE,VV-VITA-317,2.678983,316.12,118
IE,VV-VITA-319,14.74,14.74,1
IE,VV-VITA-320,2.95,32.45,11
IE,VV-VITA-320-V,5.226,26.13,5
IE,VV-VITA-329,2.927105,111.23,38
IE,VV-VITA-336,2.44,12.2,5
IE,VV-VITA-338,7.986,159.72,20
IE,VV-VITA-339,2.190161,135.79,62
IE,VV-VITA-340,8.175,16.35,2
IE,VV-VITA-341,1.663191,78.17,47
IE,VV-VITA-342,7.005882,119.1,17
IE,VV-VITA-344,1.975152,65.18,33
IE,VV-VITA-346,3.768182,41.45,11
IE,VV-VITA-349,2.932143,41.05,14
IE,VV-VITA-351,3.564,17.82,5
IE,VV-VITA-352,9.891111,89.02,9
IE,VV-VITA-354,10.735,21.47,2
IE,VV-VITA-355,0.737222,39.81,54
IE,VV-VITA-355-V,11.158333,66.95,6
IE,VV-VITA-357,5.01,60.12,12
IE,VV-VITA-360,,0.0,0
IE,VV-VITA-361,4.7176,117.94,25
IE,VV-VITA-363,3.04375,24.35,8
IE,VV-VITA-363-V,1.716667,10.3,6
IE,VV-VITA-364,3.094545,204.24,66
IE,VV-VITA-365,6.28,6.28,1
IE,VV-VITA-366,3.030769,39.4,13
IE,VV-VITA-367,4.30976,719.73,167
IE,VV-VITA-368,1.833333,88.0,48
IE,VV-VITA-369,7.759048,325.88,42
IE,VV-VITA-370,1.432919,230.7,161
IE,VV-VITA-370-V,2.373333,85.44,36
IE,VV-VITA-371,1.319423,137.22,104
IE,VV-VITA-372,3.536559,328.9,93
IE,VV-VITA-374,4.211955,560.19,133
IE,VV-VITA-375,4.615714,32.31,7
IE,VV-VITA-376,0.652405,51.54,79
IE,VV-VITA-377,1.324857,46.37,35
IE,VV-VITA-378,0.406452,12.6,31
IE,VV-VITA-379,2.702308,35.13,13
IE,VV-VITA-38,8.905,106.86,12
IE,VV-VITA-380,4.128158,156.87,38
IE,VV-VITA-381,2.051215,219.48,107
IE,VV-VITA-382,1.749259,47.23,27
IE,VV-VITA-383,4.998571,69.98,14
IE,VV-VITA-384,4.07913,93.82,23
IE,VV-VITA-385,2.481818,54.6,22
IE,VV-VITA-386,10.128182,111.41,11
IE,VV-VITA-387,,27.22,0
IE,VV-VITA-388,1.864375,29.83,16
IE,VV-VITA-39,1.553103,45.04,29
IE,VV-VITA-390,2.346364,129.05,55
IE,VV-VITA-391,1.635789,31.08,19
IE,VV-VITA-392,0.841129,52.15,62
IE,VV-VITA-393,3.041667,18.25,6
IE,VV-VITA-394,4.495,71.92,16
IE,VV-VITA-395,5.051739,116.19,23
IE,VV-VITA-396,0.506471,8.61,17
IE,VV-VITA-397,12.44,12.44,1
IE,VV-VITA-398,27.135,54.27,2
IE,VV-VITA-399,11.411429,79.88,7
IE,VV-VITA-400,,56.12,0
IE,VV-VITA-402,4.752857,66.54,14
IE,VV-VITA-403,3.344737,63.55,19
IE,VV-VITA-404,0.42,1.68,4
IE,VV-VITA-406,11.255,22.51,2
IE,VV-VITA-408,9.874,98.74,10
IE,VV-VITA-409,8.839,88.39,10
IE,VV-VITA-410,0.0,0.0,3
IE,VV-VITA-411,4.197857,58.77,14
IE,VV-VITA-412,0.0,0.0,10
IE,VV-VITA-413,0.0,0.0,3
IE,VV-VITA-414,0.0,0.0,10
IE,VV-VITA-417,0.0,0.0,8
IE,VV-VITA-422,0.0,0.0,1
IE,VV-VITA-423,0.0,0.0,1
IE,VV-VITA-46,4.818421,91.55,19
IE,VV-VITA-57-V,1.33,1.33,1
IE,VV-VITA-57-V2,13.84,13.84,1
IE,VV-VITA-63,8.833333,26.5,3
IE,VV-VITA-86,3.205455,35.26,11
IE,VV-VITA-88,3.869231,150.9,39
IE,VV-VITA-90,1.513402,146.8,97
IE,VV-VITA-93,3.04,6.08,2
IE,VV-VITA-94,3.825263,72.68,19
IT,2R-49NC-R697,0.035249,9.2,261
IT,5904569253554,23.711538,616.5,26
IT,5904569253561,18.662778,335.93,18
IT,5904569253578,71.15,355.75,5
IT,9G-B3KH-DDA0-Neu,,0.0,0
IT,Amazon.Found.B07ZQHMLQY,,0.0,0
IT,BJ-E223-8EKW,0.240438,38.47,160
IT,CP-DQMG-RVN9,0.015455,1.36,88
IT,CW-BID2-NFIP,,0.0,0
IT,CW-KVIN-V39Y,0.319043,89.97,282
IT,NB-49AE-8MWZ,,0.0,0
IT,NX-CVPF-VCEZ,2.113926,1319.09,624
IT,OD-MZWV-JBYL-Neu,,0.0,0
IT,OD-OAK8-N5TW-Neu,,0.0,0
IT,SKU-WT-WKPz,,0.0,0
IT,SKU-WT-WMGz,,0.0,0
IT,TU-QNYD-JRRX,0.576958,191.55,332
IT,UNKNOW,,0.0,0
IT,VI-ZU99-SZ0B,0.025223,5.65,224
IT,VMP_NX-CVPF-VCEZ_2_PK,,0.0,0
IT,VMP_VV-VITA-02_2_PK,,0.0,0
IT,VMP_VV-VITA-102_2_PK,,0.0,0
IT,VMP_VV-VITA-109_2_PK,,0.0,0
IT,VMP_VV-VITA-122-V_2_PK,,0.0,0
IT,VMP_VV-VITA-122_2_PK,,0.0,0
IT,VMP_VV-VITA-124_2_PK,,0.0,0
IT,VMP_VV-VITA-143_2_PK,,0.0,0
IT,VMP_VV-VITA-146_2_PK,,0.0,0
IT,VMP_VV-VITA-151_2_PK,,21.04,0
IT,VMP_VV-VITA-159_2_PK,,0.0,0
IT,VMP_VV-VITA-198_2_PK,,0.0,0
IT,VMP_VV-VITA-216_2_PK,,0.0,0
IT,VMP_VV-VITA-243_2_PK,,113.14,0
IT,VMP_VV-VITA-284_2_PK,,0.0,0
IT,VMP_VV-VITA-295_2_PK,,0.0,0
IT,VMP_VV-VITA-307_2_PK,,0.0,0
IT,VMP_VV-VITA-308_2_PK,,0.0,0
IT,VMP_VV-VITA-313_2_PK,,0.0,0
IT,VMP_VV-VITA-316_2_PK,,0.0,0
IT,VMP_VV-VITA-319_2_PK,,0.0,0
IT,VMP_VV-VITA-329_2_PK,,42.66,0
IT,VMP_VV-VITA-338_2_PK,,0.0,0
IT,VMP_VV-VITA-339_2_PK,,0.0,0
IT,VMP_VV-VITA-342_2_PK,,0.0,0
IT,VMP_VV-VITA-344_2_PK,,0.0,0
IT,VMP_VV-VITA-352_2_PK,,0.0,0
IT,VMP_VV-VITA-359_2_PK,,0.0,0
IT,VMP_VV-VITA-361_2_PK,,0.0,0
IT,VMP_VV-VITA-362_2_PK,,0.0,0
IT,VMP_VV-VITA-370_2_PK,,0.0,0
IT,VMP_VV-VITA-374_2_PK,,0.0,0
IT,VMP_VV-VITA-375_2_PK,,0.0,0
IT,VMP_VV-VITA-38_2_PK,,0.0,0
IT,VMP_VV-VITA-391_2_PK,,0.0,0
IT,VMP_VV-VITA-392_2_PK,,0.0,0
IT,VMP_VV-VITA-46_2_PK,,0.0,0
IT,VMP_VV-VITA-57-V2_2_PK,,0.0,0
IT,VMP_VV-VITA-94_2_PK,,0.0,0
IT,VV-ALO-06,0.104091,11.45,110
IT,VV-BUN-155+284,,0.0,0
IT,VV-BUN-344+101,,68.35,0
IT,VV-BUN-63+NX-CVPF-VCEZ,,64.78,0
IT,VV-VITA-02,0.027582,2.51,91
IT,VV-VITA-101,4.292731,7482.23,1743
IT,VV-VITA-102,0.008696,2.8,322
IT,VV-VITA-104,0.942694,339.37,360
IT,VV-VITA-105,0.092605,11.02,119
IT,VV-VITA-106,0.106566,21.1,198
IT,VV-VITA-107,0.271749,49.73,183
IT,VV-VITA-109,2.291591,604.98,264
IT,VV-VITA-111,0.965699,276.19,286
IT,VV-VITA-115,,0.0,0
IT,VV-VITA-116,0.033162,4.51,136
IT,VV-VITA-119,4.109661,6546.69,1593
IT,VV-VITA-121,0.048452,11.58,239
IT,VV-VITA-122,2.580356,1305.66,506
IT,VV-VITA-122-V,0.095469,18.33,192
IT,VV-VITA-124,2.289675,2184.35,954
IT,VV-VITA-127,0.647184,266.64,412
IT,VV-VITA-129,0.017308,1.35,78
IT,VV-VITA-136,4.835726,5092.02,1053
IT,VV-VITA-142,0.112013,34.5,308
IT,VV-VITA-143,2.116455,2137.62,1010
IT,VV-VITA-146,1.471268,1206.44,820
IT,VV-VITA-151,7.235785,6403.67,885
IT,VV-VITA-153,0.050367,17.83,354
IT,VV-VITA-155,2.167834,1021.05,471
IT,VV-VITA-157,0.577263,322.69,559
IT,VV-VITA-158,1.241386,420.83,339
IT,VV-VITA-159,2.265865,3627.65,1601
IT,VV-VITA-160,,0.0,0
IT,VV-VITA-165,0.528683,88.29,167
IT,VV-VITA-166,0.061217,7.04,115
IT,VV-VITA-168,0.030879,2.81,91
IT,VV-VITA-170,,0.0,0
IT,VV-VITA-171,0.467018,177.0,379
IT,VV-VITA-172,0.687091,188.95,275
IT,VV-VITA-173,1.602458,756.36,472
IT,VV-VITA-174,0.064845,6.29,97
IT,VV-VITA-181,0.0,0.0,2
IT,VV-VITA-183,0.3575,38.61,108
IT,VV-VITA-186,0.275714,34.74,126
IT,VV-VITA-188,0.071951,5.9,82
IT,VV-VITA-189,0.034605,2.63,76
IT,VV-VITA-190,0.0198,0.99,50
IT,VV-VITA-197,0.092222,6.64,72
IT,VV-VITA-198,4.558095,5264.6,1155
IT,VV-VITA-198-V,0.504622,60.05,119
IT,VV-VITA-199,0.058987,4.66,79
IT,VV-VITA-202,0.084,14.7,175
IT,VV-VITA-203,2.075678,1882.64,907
IT,VV-VITA-204,0.019247,1.79,93
IT,VV-VITA-206,1.23686,106.37,86
IT,VV-VITA-207,0.047939,10.93,228
IT,VV-VITA-208,1.314578,109.11,83
IT,VV-VITA-215,0.115,0.23,2
IT,VV-VITA-216,0.084444,34.2,405
IT,VV-VITA-222,0.5439,140.87,259
IT,VV-VITA-222-V,1.08194,72.49,67
IT,VV-VITA-223,2.510302,2329.56,928
IT,VV-VITA-224,0.024637,7.12,289
IT,VV-VITA-225,0.063934,3.9,61
IT,VV-VITA-225-V,0.0,0.0,6
IT,VV-VITA-227,0.093421,7.1,76
IT,VV-VITA-228,3.854441,3619.32,939
IT,VV-VITA-230,1.056702,493.48,467
IT,VV-VITA-231,3.776702,7534.52,1995
IT,VV-VITA-237,0.13034,26.85,206
IT,VV-VITA-243,5.156989,5172.46,1003
IT,VV-VITA-247,0.070219,19.24,274
IT,VV-VITA-248,0.016055,1.75,109
IT,VV-VITA-248-V,0.3875,7.75,20
IT,VV-VITA-249,0.026099,7.36,282
IT,VV-VITA-250,0.613706,263.28,429
IT,VV-VITA-252,0.568216,273.88,482
IT,VV-VITA-256,0.555093,119.9,216
IT,VV-VITA-257,0.0,0.0,197
IT,VV-VITA-258,0.034091,1.5,44
IT,VV-VITA-259,1.396962,473.57,339
IT,VV-VITA-262,0.038425,5.61,146
IT,VV-VITA-264,0.532381,11.18,21
IT,VV-VITA-265,0.029524,0.62,21
IT,VV-VITA-266,3.992842,1489.33,373
IT,VV-VITA-274,1.834078,566.73,309
IT,VV-VITA-276,2.797483,1267.26,453
IT,VV-VITA-277,0.352067,115.83,329
IT,VV-VITA-284,0.90262,244.61,271
IT,VV-VITA-286,0.197905,50.07,253
IT,VV-VITA-287,0.039085,12.82,328
IT,VV-VITA-295,1.386061,679.17,490
IT,VV-VITA-297,0.0,0.0,27
IT,VV-VITA-298,0.036021,6.88,191
IT,VV-VITA-301,0.114375,16.47,144
IT,VV-VITA-303,2.524615,754.86,299
IT,VV-VITA-304,2.021612,2282.4,1129
IT,VV-VITA-307,0.018662,5.86,314
IT,VV-VITA-308,0.098744,19.65,199
IT,VV-VITA-31,0.107949,4.21,39
IT,VV-VITA-310,0.033884,4.1,121
IT,VV-VITA-311,2.882631,3407.27,1182
IT,VV-VITA-313,1.911557,1018.86,533
IT,VV-VITA-314,2.936214,9431.12,3212
IT,VV-VITA-316,0.497179,213.29,429
IT,VV-VITA-317,2.781144,2333.38,839
IT,VV-VITA-318,0.109531,14.02,128
IT,VV-VITA-319,0.870531,196.74,226
IT,VV-VITA-320,4.207778,7005.95,1665
IT,VV-VITA-320-V,1.133698,352.58,311
IT,VV-VITA-326,3.007943,2207.83,734
IT,VV-VITA-329,3.996549,5303.42,1327
IT,VV-VITA-331,,0.0,0
IT,VV-VITA-333,4.138201,782.12,189
IT,VV-VITA-336,0.048242,4.39,91
IT,VV-VITA-337,,0.0,0
IT,VV-VITA-338,0.033704,4.55,135
IT,VV-VITA-339,0.820795,464.57,566
IT,VV-VITA-340,6.545253,647.98,99
IT,VV-VITA-341,0.338261,77.8,230
IT,VV-VITA-342,0.020563,4.38,213
IT,VV-VITA-343,,0.0,0
IT,VV-VITA-344,6.854008,4907.47,716
IT,VV-VITA-345,3.780324,3961.78,1048
IT,VV-VITA-346,0.123933,11.03,89
IT,VV-VITA-349,0.096875,7.75,80
IT,VV-VITA-351,1.493892,303.26,203
IT,VV-VITA-352,0.044697,5.9,132
IT,VV-VITA-354,5.459421,5088.18,932
IT,VV-VITA-355,5.461536,4800.69,879
IT,VV-VITA-355-V,4.686164,745.1,159
IT,VV-VITA-356,0.0,0.0,2
IT,VV-VITA-357,0.074658,5.45,73
IT,VV-VITA-358,,0.0,0
IT,VV-VITA-359,0.621778,111.92,180
IT,VV-VITA-360,0.0,0.0,1
IT,VV-VITA-361,1.63098,1115.59,684
IT,VV-VITA-362,0.0,0.0,312
IT,VV-VITA-363,1.050864,85.12,81
IT,VV-VITA-363-V,1.671333,25.07,15
IT,VV-VITA-364,2.641238,8597.23,3255
IT,VV-VITA-365,0.0,0.0,25
IT,VV-VITA-366,0.0,0.0,81
IT,VV-VITA-367,2.455866,807.98,329
IT,VV-VITA-368,0.0,0.0,125
IT,VV-VITA-369,0.0,0.0,77
IT,VV-VITA-370,4.820436,22882.61,4747
IT,VV-VITA-370-V,1.513994,1068.88,706
IT,VV-VITA-371,0.0,0.0,171
IT,VV-VITA-372,,0.0,0
IT,VV-VITA-373,,0.0,0
IT,VV-VITA-374,0.832535,118.22,142
IT,VV-VITA-375,0.0,0.0,57
IT,VV-VITA-376,2.513188,575.52,229
IT,VV-VITA-377,3.972442,683.26,172
IT,VV-VITA-378,0.0,0.0,59
IT,VV-VITA-379,0.871547,388.71,446
IT,VV-VITA-38,0.057845,20.94,362
IT,VV-VITA-380,0.0,0.0,76
IT,VV-VITA-381,2.933159,2079.61,709
IT,VV-VITA-382,6.441461,573.29,89
IT,VV-VITA-383,7.762283,714.13,92
IT,VV-VITA-384,0.0,0.0,2
IT,VV-VITA-385,0.0,0.0,35
IT,VV-VITA-386,3.117126,271.19,87
IT,VV-VITA-387,4.304603,271.19,63
IT,VV-VITA-388,4.158814,1226.85,295
IT,VV-VITA-389,4.274019,2658.44,622
IT,VV-VITA-39,3.972208,7988.11,2011
IT,VV-VITA-390,0.0,0.0,71
IT,VV-VITA-391,4.664233,1520.54,326
IT,VV-VITA-392,5.242398,1923.96,367
IT,VV-VITA-393,8.277222,148.99,18
IT,VV-VITA-394,4.458571,842.67,189
IT,VV-VITA-395,4.815,1367.46,284
IT,VV-VITA-396,0.146275,7.46,51
IT,VV-VITA-397,1.193894,134.91,113
IT,VV-VITA-398,3.272329,238.88,73
IT,VV-VITA-399,7.697353,261.71,34
IT,VV-VITA-400,4.010303,132.34,33
IT,VV-VITA-401,5.596907,542.9,97
IT,VV-VITA-402,0.0,0.0,37
IT,VV-VITA-403,7.460667,895.28,120
IT,VV-VITA-404,2.490914,463.31,186
IT,VV-VITA-406,7.965283,422.16,53
IT,VV-VITA-407,11.439074,617.71,54
IT,VV-VITA-408,9.013864,396.61,44
IT,VV-VITA-409,8.628977,759.35,88
IT,VV-VITA-410,9.22037,248.95,27
IT,VV-VITA-411,6.315455,1319.93,209
IT,VV-VITA-412,4.244706,72.16,17
IT,VV-VITA-413,4.044279,869.52,215
IT,VV-VITA-414,3.994828,463.4,116
IT,VV-VITA-415,14.094118,718.8,51
IT,VV-VITA-417,3.93724,1212.67,308
IT,VV-VITA-422,4.532118,385.23,85
IT,VV-VITA-423,4.567966,269.51,59
IT,VV-VITA-46,2.239436,1984.14,886
IT,VV-VITA-49,0.48187,193.23,401
IT,VV-VITA-49-V2,0.259551,23.1,89
IT,VV-VITA-50,0.168182,38.85,231
IT,VV-VITA-57-V,0.442048,92.83,210
IT,VV-VITA-57-V2,0.010646,2.8,263
IT,VV-VITA-63,2.139833,1412.29,660
IT,VV-VITA-86,0.090089,20.18,224
IT,VV-VITA-88,0.510261,78.07,153
IT,VV-VITA-90,4.935312,2294.92,465
IT,VV-VITA-93,4.145333,62.18,15
IT,VV-VITA-94,5.48,1413.84,258
NL,2R-49NC-R697,1.41975,56.79,40
NL,98-VX35-DC63-Neu,,0.0,0
NL,BJ-E223-8EKW,2.782,27.82,10
NL,CP-DQMG-RVN9,0.0,0.0,2
NL,CW-KVIN-V39Y,0.0,0.0,1
NL,Immun-Intense-1er,,0.0,0
NL,TU-QNYD-JRRX,2.815,16.89,6
NL,VV-ALO-06,1.071875,17.15,16
NL,VV-VITA-102,2.1625,8.65,4
NL,VV-VITA-104,1.389,13.89,10
NL,VV-VITA-106,,12.65,0
NL,VV-VITA-107,0.991111,8.92,9
NL,VV-VITA-111,5.406667,48.66,9
NL,VV-VITA-116,1.836154,23.87,13
NL,VV-VITA-122,1.76125,14.09,8
NL,VV-VITA-124,1.00625,16.1,16
NL,VV-VITA-127,1.681481,90.8,54
NL,VV-VITA-129,1.577778,14.2,9
NL,VV-VITA-142,1.685,10.11,6
NL,VV-VITA-146,4.72,4.72,1
NL,VV-VITA-151,2.675,32.1,12
NL,VV-VITA-153,3.162222,28.46,9
NL,VV-VITA-155,1.248571,8.74,7
NL,VV-VITA-158,1.753846,22.8,13
NL,VV-VITA-159,1.075714,7.53,7
NL,VV-VITA-165,1.44,1.44,1
NL,VV-VITA-166,1.675333,25.13,15
NL,VV-VITA-168,1.835,7.34,4
NL,VV-VITA-171,2.084286,14.59,7
NL,VV-VITA-173,8.5,8.5,1
NL,VV-VITA-181,,0.0,0
NL,VV-VITA-183,0.998235,16.97,17
NL,VV-VITA-186,12.945,25.89,2
NL,VV-VITA-188,1.516,7.58,5
NL,VV-VITA-189,,1.53,0
NL,VV-VITA-190,0.0,0.0,9
NL,VV-VITA-197,4.035,8.07,2
NL,VV-VITA-198,1.865,18.65,10
NL,VV-VITA-199,1.592,7.96,5
NL,VV-VITA-202,0.668333,12.03,18
NL,VV-VITA-203,3.565588,121.23,34
NL,VV-VITA-204,1.5,4.5,3
NL,VV-VITA-206,1.828889,16.46,9
NL,VV-VITA-207,0.68125,10.9,16
NL,VV-VITA-208,2.454,12.27,5
NL,VV-VITA-215,,0.0,0
NL,VV-VITA-222-V,,0.0,0
NL,VV-VITA-224,2.8325,11.33,4
NL,VV-VITA-225,3.48,3.48,1
NL,VV-VITA-228,0.0,0.0,6
NL,VV-VITA-230,1.859412,31.61,17
NL,VV-VITA-231,3.324706,56.52,17
NL,VV-VITA-237,5.356667,16.07,3
NL,VV-VITA-243,1.08619,22.81,21
NL,VV-VITA-248,2.12875,34.06,16
NL,VV-VITA-248-V,0.0,0.0,5
NL,VV-VITA-250,3.218182,35.4,11
NL,VV-VITA-252,2.275,4.55,2
NL,VV-VITA-256,0.0,0.0,1
NL,VV-VITA-257,0.171111,6.16,36
NL,VV-VITA-262,0.6775,2.71,4
NL,VV-VITA-264,1.9175,7.67,4
NL,VV-VITA-274,4.17,4.17,1
NL,VV-VITA-276,0.0,0.0,9
NL,VV-VITA-277,0.745625,11.93,16
NL,VV-VITA-284,0.621429,4.35,7
NL,VV-VITA-286,3.411667,20.47,6
NL,VV-VITA-295,2.085,8.34,4
NL,VV-VITA-297,1.9,7.6,4
NL,VV-VITA-298,2.72,16.32,6
NL,VV-VITA-303,,3.8,0
NL,VV-VITA-304,1.38697,45.77,33
NL,VV-VITA-307,1.6575,6.63,4
NL,VV-VITA-310,3.063333,9.19,3
NL,VV-VITA-314,,0.0,0
NL,VV-VITA-316,2.065,8.26,4
NL,VV-VITA-317,3.648667,54.73,15
NL,VV-VITA-318,13.84,13.84,1
NL,VV-VITA-319,0.0,0.0,2
NL,VV-VITA-326,4.57,50.27,11
NL,VV-VITA-329,3.12625,25.01,8
NL,VV-VITA-333,6.3425,25.37,4
NL,VV-VITA-336,,3.99,0
NL,VV-VITA-338,1.7,3.4,2
NL,VV-VITA-339,2.628696,60.46,23
NL,VV-VITA-340,,0.0,0
NL,VV-VITA-341,2.223,22.23,10
NL,VV-VITA-344,0.95,1.9,2
NL,VV-VITA-345,,14.85,0
NL,VV-VITA-346,1.285,2.57,2
NL,VV-VITA-349,5.475,21.9,4
NL,VV-VITA-351,,2.23,0
NL,VV-VITA-354,1.988889,35.8,18
NL,VV-VITA-355,1.645278,59.23,36
NL,VV-VITA-356,,0.0,0
NL,VV-VITA-357,2.34,4.68,2
NL,VV-VITA-360,,0.0,0
NL,VV-VITA-361,,21.84,0
NL,VV-VITA-362,3.786667,11.36,3
NL,VV-VITA-364,1.375909,30.27,22
NL,VV-VITA-365,1.97,5.91,3
NL,VV-VITA-367,6.763333,20.29,3
NL,VV-VITA-368,4.379286,61.31,14
NL,VV-VITA-369,,0.0,0
NL,VV-VITA-370,4.725556,85.06,18
NL,VV-VITA-370-V,0.0,0.0,49
NL,VV-VITA-371,2.850714,39.91,14
NL,VV-VITA-372,2.39,23.9,10
NL,VV-VITA-375,3.81125,30.49,8
NL,VV-VITA-376,1.821333,27.32,15
NL,VV-VITA-377,1.826471,31.05,17
NL,VV-VITA-379,1.906667,17.16,9
NL,VV-VITA-38,1.83,14.64,8
NL,VV-VITA-380,3.0625,12.25,4
NL,VV-VITA-381,2.772683,113.68,41
NL,VV-VITA-382,4.455,26.73,6
NL,VV-VITA-383,,7.81,0
NL,VV-VITA-387,,8.71,0
NL,VV-VITA-389,0.951579,36.16,38
NL,VV-VITA-39,1.461429,20.46,14
NL,VV-VITA-390,,0.0,0
NL,VV-VITA-391,2.225,53.4,24
NL,VV-VITA-393,20.4,20.4,1
NL,VV-VITA-396,0.0,0.0,5
NL,VV-VITA-412,,0.0,0
NL,VV-VITA-413,,0.0,0
NL,VV-VITA-414,0.0,0.0,1
NL,VV-VITA-415,,0.0,0
NL,VV-VITA-417,0.0,0.0,5
NL,VV-VITA-422,0.0,0.0,1
NL,VV-VITA-423,,0.0,0
NL,VV-VITA-57-V,0.726923,9.45,13
NL,VV-VITA-57-V2,,6.23,0
NL,VV-VITA-63,0.524444,9.44,18
NL,VV-VITA-86,0.492222,4.43,9
NL,VV-VITA-90,0.0,0.0,7
NL,VV-VITA-93,,0.02,0
