sku,packaging,source
5904569253554,Capsule bottle,draft (bulk-confirmed)
5904569253561,Capsule bottle,draft (bulk-confirmed)
5904569253578,Capsule bottle,draft (bulk-confirmed)
BJ-E223-8EKW,Capsule bottle,draft (bulk-confirmed)
CP-DQMG-RVN9,Capsule bottle,draft (bulk-confirmed)
NX-CVPF-VCEZ,Capsule bottle,draft (bulk-confirmed)
TU-QNYD-JRRX,Capsule bottle,draft (bulk-confirmed)
VI-ZU99-SZ0B,Capsule bottle,draft (bulk-confirmed)
VV-VITA-101,Capsule bottle,draft (bulk-confirmed)
VV-VITA-102,Capsule bottle,draft (bulk-confirmed)
VV-VITA-105,Capsule bottle,draft (bulk-confirmed)
VV-VITA-106,Capsule bottle,draft (bulk-confirmed)
VV-VITA-107,Capsule bottle,draft (bulk-confirmed)
VV-VITA-109,Capsule bottle,draft (bulk-confirmed)
VV-VITA-111,Capsule bottle,draft (bulk-confirmed)
VV-VITA-116,Capsule bottle,draft (bulk-confirmed)
VV-VITA-119,Capsule bottle,draft (bulk-confirmed)
VV-VITA-121,Capsule bottle,draft (bulk-confirmed)
VV-VITA-122,Capsule bottle,draft (bulk-confirmed)
VV-VITA-122-V,Capsule bottle,draft (bulk-confirmed)
VV-VITA-124,Capsule bottle,draft (bulk-confirmed)
VV-VITA-127,Capsule bottle,draft (bulk-confirmed)
VV-VITA-129,Capsule bottle,draft (bulk-confirmed)
VV-VITA-136,Capsule bottle,draft (bulk-confirmed)
VV-VITA-142,Capsule bottle,draft (bulk-confirmed)
VV-VITA-143,Capsule bottle,draft (bulk-confirmed)
VV-VITA-146,Capsule bottle,draft (bulk-confirmed)
VV-VITA-151,Capsule bottle,draft (bulk-confirmed)
VV-VITA-153,Capsule bottle,draft (bulk-confirmed)
VV-VITA-155,Capsule bottle,draft (bulk-confirmed)
VV-VITA-157,Capsule bottle,draft (bulk-confirmed)
VV-VITA-158,Capsule bottle,draft (bulk-confirmed)
VV-VITA-159,Capsule bottle,draft (bulk-confirmed)
VV-VITA-160,Capsule bottle,draft (bulk-confirmed)
VV-VITA-165,Capsule bottle,draft (bulk-confirmed)
VV-VITA-166,Capsule bottle,draft (bulk-confirmed)
VV-VITA-168,Capsule bottle,draft (bulk-confirmed)
VV-VITA-170,Capsule bottle,draft (bulk-confirmed)
VV-VITA-171,Capsule bottle,draft (bulk-confirmed)
VV-VITA-172,Capsule bottle,draft (bulk-confirmed)
VV-VITA-173,Capsule bottle,draft (bulk-confirmed)
VV-VITA-174,Capsule bottle,draft (bulk-confirmed)
VV-VITA-183,Capsule bottle,draft (bulk-confirmed)
VV-VITA-186,Capsule bottle,draft (bulk-confirmed)
VV-VITA-188,Capsule bottle,draft (bulk-confirmed)
VV-VITA-189,Capsule bottle,draft (bulk-confirmed)
VV-VITA-190,Capsule bottle,draft (bulk-confirmed)
VV-VITA-197,Capsule bottle,draft (bulk-confirmed)
VV-VITA-198,Capsule bottle,draft (bulk-confirmed)
VV-VITA-198-V,Capsule bottle,draft (bulk-confirmed)
VV-VITA-199,Capsule bottle,draft (bulk-confirmed)
VV-VITA-203,Capsule bottle,draft (bulk-confirmed)
VV-VITA-204,Capsule bottle,draft (bulk-confirmed)
VV-VITA-206,Capsule bottle,draft (bulk-confirmed)
VV-VITA-207,Capsule bottle,draft (bulk-confirmed)
VV-VITA-208,Capsule bottle,draft (bulk-confirmed)
VV-VITA-216,Capsule bottle,draft (bulk-confirmed)
VV-VITA-223,Capsule bottle,draft (bulk-confirmed)
VV-VITA-224,Capsule bottle,draft (bulk-confirmed)
VV-VITA-225,Capsule bottle,draft (bulk-confirmed)
VV-VITA-225-V,Capsule bottle,draft (bulk-confirmed)
VV-VITA-227,Capsule bottle,draft (bulk-confirmed)
VV-VITA-230,Capsule bottle,draft (bulk-confirmed)
VV-VITA-231,Capsule bottle,draft (bulk-confirmed)
VV-VITA-243,Capsule bottle,draft (bulk-confirmed)
VV-VITA-249,Capsule bottle,draft (bulk-confirmed)
VV-VITA-250,Capsule bottle,draft (bulk-confirmed)
VV-VITA-252,Capsule bottle,draft (bulk-confirmed)
VV-VITA-257,Capsule bottle,draft (bulk-confirmed)
VV-VITA-258,Capsule bottle,draft (bulk-confirmed)
VV-VITA-259,Capsule bottle,draft (bulk-confirmed)
VV-VITA-262,Capsule bottle,draft (bulk-confirmed)
VV-VITA-264,Capsule bottle,draft (bulk-confirmed)
VV-VITA-266,Capsule bottle,draft (bulk-confirmed)
VV-VITA-274,Capsule bottle,draft (bulk-confirmed)
VV-VITA-276,Capsule bottle,draft (bulk-confirmed)
VV-VITA-284,Capsule bottle,draft (bulk-confirmed)
VV-VITA-286,Capsule bottle,draft (bulk-confirmed)
VV-VITA-287,Capsule bottle,draft (bulk-confirmed)
VV-VITA-295,Capsule bottle,draft (bulk-confirmed)
VV-VITA-297,Capsule bottle,draft (bulk-confirmed)
VV-VITA-298,Capsule bottle,draft (bulk-confirmed)
VV-VITA-301,Capsule bottle,draft (bulk-confirmed)
VV-VITA-303,Capsule bottle,draft (bulk-confirmed)
VV-VITA-304,Capsule bottle,draft (bulk-confirmed)
VV-VITA-307,Capsule bottle,draft (bulk-confirmed)
VV-VITA-308,Capsule bottle,draft (bulk-confirmed)
VV-VITA-31,Capsule bottle,draft (bulk-confirmed)
VV-VITA-310,Capsule bottle,draft (bulk-confirmed)
VV-VITA-311,Capsule bottle,draft (bulk-confirmed)
VV-VITA-313,Capsule bottle,draft (bulk-confirmed)
VV-VITA-316,Capsule bottle,draft (bulk-confirmed)
VV-VITA-317,Capsule bottle,draft (bulk-confirmed)
VV-VITA-318,Capsule bottle,draft (bulk-confirmed)
VV-VITA-320,Capsule bottle,draft (bulk-confirmed)
VV-VITA-320-V,Capsule bottle,draft (bulk-confirmed)
VV-VITA-326,Capsule bottle,draft (bulk-confirmed)
VV-VITA-329,Capsule bottle,draft (bulk-confirmed)
VV-VITA-333,Capsule bottle,draft (bulk-confirmed)
VV-VITA-336,Capsule bottle,draft (bulk-confirmed)
VV-VITA-338,Capsule bottle,draft (bulk-confirmed)
VV-VITA-339,Capsule bottle,draft (bulk-confirmed)
VV-VITA-344,Capsule bottle,draft (bulk-confirmed)
VV-VITA-345,Capsule bottle,draft (bulk-confirmed)
VV-VITA-346,Capsule bottle,draft (bulk-confirmed)
VV-VITA-349,Capsule bottle,draft (bulk-confirmed)
VV-VITA-351,Capsule bottle,draft (bulk-confirmed)
VV-VITA-352,Capsule bottle,draft (bulk-confirmed)
VV-VITA-353,Capsule bottle,draft (bulk-confirmed)
VV-VITA-354,Capsule bottle,draft (bulk-confirmed)
VV-VITA-355,Capsule bottle,draft (bulk-confirmed)
VV-VITA-355-V,Capsule bottle,draft (bulk-confirmed)
VV-VITA-357,Capsule bottle,draft (bulk-confirmed)
VV-VITA-359,Capsule bottle,draft (bulk-confirmed)
VV-VITA-361,Capsule bottle,draft (bulk-confirmed)
VV-VITA-362,Capsule bottle,draft (bulk-confirmed)
VV-VITA-363,Capsule bottle,draft (bulk-confirmed)
VV-VITA-363-V,Capsule bottle,draft (bulk-confirmed)
VV-VITA-364,Capsule bottle,draft (bulk-confirmed)
VV-VITA-369,Capsule bottle,draft (bulk-confirmed)
VV-VITA-370,Capsule bottle,draft (bulk-confirmed)
VV-VITA-370-V,Capsule bottle,draft (bulk-confirmed)
VV-VITA-371,Capsule bottle,draft (bulk-confirmed)
VV-VITA-372,Capsule bottle,draft (bulk-confirmed)
VV-VITA-375,Capsule bottle,draft (bulk-confirmed)
VV-VITA-376,Capsule bottle,draft (bulk-confirmed)
VV-VITA-377,Capsule bottle,draft (bulk-confirmed)
VV-VITA-378,Capsule bottle,draft (bulk-confirmed)
VV-VITA-379,Capsule bottle,draft (bulk-confirmed)
VV-VITA-38,Capsule bottle,draft (bulk-confirmed)
VV-VITA-380,Capsule bottle,draft (bulk-confirmed)
VV-VITA-383,Capsule bottle,draft (bulk-confirmed)
VV-VITA-385,Capsule bottle,draft (bulk-confirmed)
VV-VITA-389,Capsule bottle,draft (bulk-confirmed)
VV-VITA-39,Capsule bottle,draft (bulk-confirmed)
VV-VITA-391,Capsule bottle,draft (bulk-confirmed)
VV-VITA-392,Capsule bottle,draft (bulk-confirmed)
VV-VITA-395,Capsule bottle,draft (bulk-confirmed)
VV-VITA-397,Capsule bottle,draft (bulk-confirmed)
VV-VITA-399,Capsule bottle,draft (bulk-confirmed)
VV-VITA-400,Capsule bottle,draft (bulk-confirmed)
VV-VITA-401,Capsule bottle,draft (bulk-confirmed)
VV-VITA-402,Capsule bottle,draft (bulk-confirmed)
VV-VITA-404,Capsule bottle,draft (bulk-confirmed)
VV-VITA-406,Capsule bottle,draft (bulk-confirmed)
VV-VITA-409,Capsule bottle,draft (bulk-confirmed)
VV-VITA-410,Capsule bottle,draft (bulk-confirmed)
VV-VITA-411,Capsule bottle,draft (bulk-confirmed)
VV-VITA-412,Capsule bottle,draft (bulk-confirmed)
VV-VITA-413,Capsule bottle,draft (bulk-confirmed)
VV-VITA-414,Capsule bottle,draft (bulk-confirmed)
VV-VITA-415,Capsule bottle,draft (bulk-confirmed)
VV-VITA-46,Capsule bottle,draft (bulk-confirmed)
VV-VITA-49,Capsule bottle,draft (bulk-confirmed)
VV-VITA-49-V2,Capsule bottle,draft (bulk-confirmed)
VV-VITA-50,Capsule bottle,draft (bulk-confirmed)
VV-VITA-57-V,Capsule bottle,draft (bulk-confirmed)
VV-VITA-57-V2,Capsule bottle,draft (bulk-confirmed)
VV-VITA-63,Capsule bottle,draft (bulk-confirmed)
VV-VITA-86,Capsule bottle,draft (bulk-confirmed)
VV-VITA-88,Capsule bottle,draft (bulk-confirmed)
VV-VITA-90,Capsule bottle,draft (bulk-confirmed)
VV-VITA-94,Capsule bottle,draft (bulk-confirmed)
VV-VITA-386,Glass jar (Femme/Youth),product team
VV-VITA-387,Glass jar (Femme/Youth),product team
98-VX35-DC63-Neu,Gummies (Dose),product team
9G-B3KH-DDA0-Neu,Gummies (Dose),product team
A0-22PS-COWR,Gummies (Dose),product team
CW-BID2-NFIP,Gummies (Dose),product team
Immun-Intense-1er,Gummies (Dose),product team
NB-49AE-8MWZ,Gummies (Dose),product team
OD-MZWV-JBYL-Neu,Gummies (Dose),product team
OD-OAK8-N5TW-Neu,Gummies (Dose),product team
SKU-WT-WMGz,Gummies (Dose),product team
VV-VITA-365,Gummies (Dose),product team
VV-VITA-366,Gummies (Dose),product team
VV-VITA-398,Gummies (Dose),product team
VV-VITA-417,Gummies (Dose),product team
VV-VITA-202,Liquid (spray / drops),product team
VV-VITA-277,Liquid (spray / drops),product team
VV-VITA-341,Liquid (spray / drops),product team
VV-VITA-222,Oil / softgel,product team
VV-VITA-222-V,Oil / softgel,product team
VV-VITA-228,Oil / softgel,product team
VV-VITA-247,Oil / softgel,product team
VV-VITA-248,Oil / softgel,product team
VV-VITA-248-V,Oil / softgel,product team
VV-VITA-256,Oil / softgel,product team
VV-VITA-342,Oil / softgel,product team
2R-49NC-R697,Powder pouch 1 kg,product team
VV-ALO-06,Powder pouch 1 kg,product team
CW-KVIN-V39Y,Powder pouch 300 g,product team
VV-VITA-319,Powder pouch 300 g,product team
VV-VITA-367,Powder pouch 300 g,product team
VV-VITA-368,Powder pouch 300 g,product team
VV-VITA-384,Powder pouch 300 g,product team
VV-VITA-403,Powder pouch 300 g,product team
VV-VITA-407,Powder pouch 300 g,product team
VV-VITA-408,Powder pouch 300 g,product team
VV-VITA-314,Powder pouch 500 g,product team
VV-VITA-374,Powder pouch 500 g,product team
VV-VITA-381,Powder pouch 500 g,product team
VV-VITA-382,Powder pouch 500 g,product team
VV-VITA-388,Powder pouch 500 g,product team
VV-VITA-390,Powder pouch 500 g,product team
VV-VITA-393,Powder pouch 500 g,product team
VV-VITA-394,Powder pouch 500 g,product team
VV-VITA-396,Powder pouch 500 g,product team
VV-VITA-422,Powder pouch 500 g,product team
VV-VITA-423,Powder pouch 500 g,product team
SKU-WT-WKPz,Sticks / sachets,product team
T5-SR1L-UZBW,Unknown,draft (confirmed)
VV-BUN-50+57-V2,Unknown,draft (confirmed)
VV-VITA-115,Unknown,draft (confirmed)
